"GEO_ID","NAME","B15003_001E","B15003_001M","B15003_002E","B15003_002M","B15003_003E","B15003_003M","B15003_004E","B15003_004M","B15003_005E","B15003_005M","B15003_006E","B15003_006M","B15003_007E","B15003_007M","B15003_008E","B15003_008M","B15003_009E","B15003_009M","B15003_010E","B15003_010M","B15003_011E","B15003_011M","B15003_012E","B15003_012M","B15003_013E","B15003_013M","B15003_014E","B15003_014M","B15003_015E","B15003_015M","B15003_016E","B15003_016M","B15003_017E","B15003_017M","B15003_018E","B15003_018M","B15003_019E","B15003_019M","B15003_020E","B15003_020M","B15003_021E","B15003_021M","B15003_022E","B15003_022M","B15003_023E","B15003_023M","B15003_024E","B15003_024M","B15003_025E","B15003_025M",
"Geography","Geographic Area Name","Estimate!!Total:","Margin of Error!!Total:","Estimate!!Total:!!No schooling completed","Margin of Error!!Total:!!No schooling completed","Estimate!!Total:!!Nursery school","Margin of Error!!Total:!!Nursery school","Estimate!!Total:!!Kindergarten","Margin of Error!!Total:!!Kindergarten","Estimate!!Total:!!1st grade","Margin of Error!!Total:!!1st grade","Estimate!!Total:!!2nd grade","Margin of Error!!Total:!!2nd grade","Estimate!!Total:!!3rd grade","Margin of Error!!Total:!!3rd grade","Estimate!!Total:!!4th grade","Margin of Error!!Total:!!4th grade","Estimate!!Total:!!5th grade","Margin of Error!!Total:!!5th grade","Estimate!!Total:!!6th grade","Margin of Error!!Total:!!6th grade","Estimate!!Total:!!7th grade","Margin of Error!!Total:!!7th grade","Estimate!!Total:!!8th grade","Margin of Error!!Total:!!8th grade","Estimate!!Total:!!9th grade","Margin of Error!!Total:!!9th grade","Estimate!!Total:!!10th grade","Margin of Error!!Total:!!10th grade","Estimate!!Total:!!11th grade","Margin of Error!!Total:!!11th grade","Estimate!!Total:!!12th grade, no diploma","Margin of Error!!Total:!!12th grade, no diploma","Estimate!!Total:!!Regular high school diploma","Margin of Error!!Total:!!Regular high school diploma","Estimate!!Total:!!GED or alternative credential","Margin of Error!!Total:!!GED or alternative credential","Estimate!!Total:!!Some college, less than 1 year","Margin of Error!!Total:!!Some college, less than 1 year","Estimate!!Total:!!Some college, 1 or more years, no degree","Margin of Error!!Total:!!Some college, 1 or more years, no degree","Estimate!!Total:!!Associate's degree","Margin of Error!!Total:!!Associate's degree","Estimate!!Total:!!Bachelor's degree","Margin of Error!!Total:!!Bachelor's degree","Estimate!!Total:!!Master's degree","Margin of Error!!Total:!!Master's degree","Estimate!!Total:!!Professional school degree","Margin of Error!!Total:!!Professional school degree","Estimate!!Total:!!Doctorate degree","Margin of Error!!Total:!!Doctorate degree",
"0500000US06075","San Francisco County, California","661758","151","24987","1584","375","182","583","304","392","181","1326","272","1693","378","961","316","2816","549","6652","985","1437","256","4748","750","6536","827","3025","458","4077","572","13329","939","64028","2161","10564","946","21546","1261","57968","2369","35419","1536","231394","3924","110101","2689","33281","1940","24520","1044",
"1400000US06075010101","Census Tract 101.01; San Francisco County; California","1689","212","63","67","0","14","0","14","0","14","43","57","42","57","0","14","10","19","0","14","0","14","0","14","15","25","0","14","0","14","19","21","23","28","12","18","165","154","129","94","47","40","843","242","164","88","11","18","103","81",
"1400000US06075010102","Census Tract 101.02; San Francisco County; California","1529","245","133","105","0","14","0","14","0","14","0","14","8","12","0","14","0","14","0","14","0","14","0","14","29","50","0","14","0","14","19","20","150","77","37","47","41","43","196","177","132","62","382","90","274","81","113","94","15","17",
"1400000US06075010201","Census Tract 102.01; San Francisco County; California","2240","514","5","17","0","14","0","14","0","14","0","14","0","14","0","14","0","14","0","14","0","14","41","59","0","14","0","14","0","14","7","13","67","64","0","14","61","49","263","218","79","58","892","327","659","170","82","66","84","58",
"1400000US06075010202","Census Tract 102.02; San Francisco County; California","1567","309","10","22","0","14","0","14","0","14","0","14","0","14","0","14","0","14","0","14","0","14","0","14","0","14","0","14","0","14","1","2","22","24","0","14","51","71","107","112","7","11","749","193","504","156","115","70","1","2",
"1400000US06075010300","Census Tract 103; San Francisco County; California","3360","511","47","42","69","109","0","14","0","14","0","14","0","14","0","14","0","14","0","14","0","14","0","14","0","14","65","71","0","14","36","51","155","148","0","14","37","61","174","177","110","85","1526","346","670","327","232","112","239","150",
"1400000US06075010401","Census Tract 104.01; San Francisco County; California","1756","444","23","28","0","14","0","14","0","14","0","14","0","14","0","14","0","14","15","23","0","14","7","12","16","24","0","14","0","14","52","38","163","108","14","18","9","17","76","57","58","54","553","166","388","166","213","183","169","87",
"1400000US06075010402","Census Tract 104.02; San Francisco County; California","1727","224","0","14","0","14","0","14","0","14","0","14","0","14","0","14","0","14","0","14","0","14","0","14","0","14","0","14","0","14","63","66","46","44","0","14","36","45","108","81","25","25","607","246","558","144","161","88","123","99",
"1400000US06075010500","Census Tract 105; San Francisco County; California","2895","380","25","33","0","14","13","24","0","14","0","14","6","17","0","14","0","14","43","55","0","14","57","52","106","86","7","13","0","14","52","53","352","215","0","14","53","45","123","90","25","28","875","227","806","282","267","136","85","57",
"1400000US06075010600","Census Tract 106; San Francisco County; California","2513","344","249","105","0","14","0","14","0","14","5","12","5","12","0","14","0","14","0","14","0","14","15","27","77","87","11","18","0","14","39","35","245","121","34","66","256","130","434","156","63","45","578","112","345","151","96","82","61","56",
"1400000US06075010701","Census Tract 107.01; San Francisco County; California","2777","554","623","211","0","14","0","14","0","14","86","87","41","65","0","14","158","134","287","202","45","57","0","14","137","100","36","45","0","14","70","70","561","469","100","82","78","62","142","69","86","84","240","119","73","56","0","14","14","23",
"1400000US06075010702","Census Tract 107.02; San Francisco County; California","1088","245","5","9","0","14","0","14","0","14","0","14","0","14","0","14","66","33","0","14","24","39","9","20","24","35","23","31","17","18","31","35","206","160","14","20","27","20","50","38","38","43","406","144","92","60","12","15","44","48",
"1400000US06075010800","Census Tract 108; San Francisco County; California","3737","577","169","94","0","14","0","14","0","14","0","14","0","14","0","14","28","36","33","35","17","27","0","14","84","79","0","14","0","14","56","85","244","119","0","14","77","117","74","54","83","100","1820","441","822","333","140","104","90","72",
"1400000US06075010901","Census Tract 109.01; San Francisco County; California","1644","305","10","14","0","14","0","14","0","14","0","14","0","14","0","14","0","14","7","12","0","14","0","14","7","12","0","14","0","14","6","9","17","21","0","14","35","27","53","39","25","26","861","309","403","134","178","115","42","40",
"1400000US06075010902","Census Tract 109.02; San Francisco County; California","2191","368","58","58","0","14","0","14","0","14","19","29","0","14","0","14","47","72","0","14","0","14","17","27","47","73","0","14","0","14","0","14","143","67","0","14","59","69","163","110","65","53","820","353","308","144","271","202","174","163",
"1400000US06075011001","Census Tract 110.01; San Francisco County; California","2079","403","12","20","0","14","0","14","0","14","0","14","0","14","0","14","8","18","8","15","17","29","0","14","170","75","0","14","0","14","8","21","115","100","27","34","7","12","80","88","149","114","984","246","309","119","104","95","81","57",
"1400000US06075011002","Census Tract 110.02; San Francisco County; California","1661","423","91","96","0","14","0","14","0","14","0","14","0","14","0","14","8","13","0","14","0","14","0","14","0","14","18","22","0","14","15","30","297","226","0","14","68","51","141","133","114","91","584","185","270","102","55","51","0","14",
"1400000US06075011101","Census Tract 111.01; San Francisco County; California","2039","394","253","203","0","14","0","14","0","14","0","14","0","14","0","14","0","14","0","14","0","14","0","14","0","14","0","14","21","33","68","49","288","167","9","16","28","27","174","168","62","56","718","183","223","83","145","87","50","45",
"1400000US06075011102","Census Tract 111.02; San Francisco County; California","2010","384","239","250","0","14","0","14","0","14","0","14","0","14","0","14","0","14","23","38","0","14","26","30","12","19","0","14","12","27","69","59","299","186","15","18","30","39","257","112","62","47","518","161","397","222","41","45","10","15",
"1400000US06075011200","Census Tract 112; San Francisco County; California","2248","332","38","41","0","14","0","14","0","14","0","14","16","22","0","14","0","14","52","75","0","14","0","14","0","14","0","14","0","14","32","27","171","132","13","20","35","40","175","96","150","103","688","175","538","244","267","109","73","69",
"1400000US06075011300","Census Tract 113; San Francisco County; California","2200","447","337","200","0","14","20","24","11","18","15","28","36","40","0","14","38","48","170","108","20","22","19","31","63","59","0","14","7","14","94","76","183","100","32","39","84","62","165","89","85","53","602","237","136","70","70","71","13","19",
"1400000US06075011700","Census Tract 117; San Francisco County; California","1683","264","36","35","0","14","0","14","0","14","0","14","0","14","0","14","0","14","101","87","0","14","9","23","35","56","0","14","12","23","37","56","197","108","23","54","56","76","235","144","0","14","598","180","190","121","121","85","33","28",
"1400000US06075011800","Census Tract 118; San Francisco County; California","1168","219","181","77","0","14","3","5","0","14","14","19","10","16","0","14","50","47","46","36","22","20","23","24","32","31","7","11","0","14","90","59","265","98","9","12","15","14","45","35","27","29","261","112","34","28","34","32","0","14",
"1400000US06075011901","Census Tract 119.01; San Francisco County; California","1615","242","0","14","0","14","0","14","0","14","0","14","0","14","0","14","0","14","0","14","0","14","17","27","0","14","16","27","0","14","44","40","144","79","18","20","88","77","259","85","68","40","699","193","181","89","53","37","28","35",
"1400000US06075011902","Census Tract 119.02; San Francisco County; California","2608","595","56","87","0","14","205","307","0","14","0","14","0","14","0","14","44","67","0","14","0","14","84","87","0","14","6","10","0","14","40","63","319","244","33","33","75","53","200","97","165","94","897","223","340","131","34","26","110","99",
"1400000US06075012001","Census Tract 120.01; San Francisco County; California","1472","357","6","9","0","14","0","14","0","14","0","14","40","64","0","14","0","14","48","73","0","14","10","15","0","14","0","14","0","14","0","14","88","93","21","23","128","91","275","136","69","68","549","214","167","123","59","45","12","15",
"1400000US06075012002","Census Tract 120.02; San Francisco County; California","1726","297","47","60","0","14","0","14","0","14","0","14","0","14","0","14","19","23","13","22","8","13","0","14","10","15","45","62","0","14","18","20","92","52","45","56","60","63","220","134","74","58","784","303","203","117","69","57","19","22",
"1400000US06075012100","Census Tract 121; San Francisco County; California","2481","408","137","132","0","14","0","14","0","14","0","14","22","35","0","14","0","14","0","14","0","14","0","14","0","14","64","99","0","14","0","14","259","227","22","36","127","100","167","99","51","49","1023","233","470","259","49","44","90","82",
"1400000US06075012202","Census Tract 122.02; San Francisco County; California","2711","325","57","59","0","14","0","14","0","14","0","14","0","14","0","14","0","14","0","14","0","14","10","22","7","11","0","14","69","64","100","109","481","189","213","156","298","161","271","150","239","146","710","261","195","111","42","47","19","48",
"1400000US06075012203","Census Tract 122.03; San Francisco County; California","1303","316","105","80","0","14","0","14","0","14","38","60","0","14","0","14","0","14","0","14","0","14","164","255","9","14","0","14","22","40","0","14","53","72","0","14","193","71","206","128","25","30","351","172","82","67","0","14","55","51",
"1400000US06075012204","Census Tract 122.04; San Francisco County; California","2288","516","42","41","0","14","0","14","0","14","0","14","0","14","0","14","0","14","72","91","0","14","58","92","0","14","14","22","12","18","128","149","163","112","44","41","71","66","317","276","134","131","673","202","353","153","103","96","104","92",
"1400000US06075012301","Census Tract 123.01; San Francisco County; California","1689","312","155","87","0","14","0","14","0","14","0","14","0","14","12","20","0","14","11","17","7","11","0","14","150","126","0","14","54","81","134","103","217","92","105","73","142","99","291","123","113","94","274","220","24","28","0","14","0","14",
"1400000US06075012302","Census Tract 123.02; San Francisco County; California","2402","250","89","68","0","14","0","14","0","14","11","17","0","14","8","18","0","14","0","14","0","14","77","80","11","19","10","16","0","14","99","85","345","149","107","96","118","105","354","138","160","131","579","156","250","96","46","52","138","98",
"1400000US06075012403","Census Tract 124.03; San Francisco County; California","1880","395","220","184","0","14","0","14","0","14","0","14","0","14","64","62","0","14","322","261","0","14","57","71","49","74","126","191","61","62","26","53","123","84","221","214","102","115","109","98","13","25","332","143","36","38","2","5","17","29",
"1400000US06075012404","Census Tract 124.04; San Francisco County; California","2530","457","170","107","0","14","0","14","0","14","0","14","0","14","0","14","62","98","128","195","0","14","40","97","99","103","45","34","56","74","148","99","510","282","0","14","74","69","303","144","333","347","425","155","29","33","89","142","19","29",
"1400000US06075012405","Census Tract 124.05; San Francisco County; California","3175","460","0","14","0","14","0","14","0","14","0","14","0","14","0","14","0","14","0","14","0","14","0","14","0","14","41","65","0","14","30","50","286","190","41","35","120","71","137","91","120","82","1747","460","536","189","43","54","74","66",
"1400000US06075012406","Census Tract 124.06; San Francisco County; California","1436","209","159","113","0","14","0","14","12","19","0","14","0","14","0","14","0","14","91","92","0","14","0","14","98","133","41","69","0","14","65","74","211","108","46","55","19","26","48","42","178","117","279","114","76","61","66","66","47","73",
"1400000US06075012502","Census Tract 125.02; San Francisco County; California","4029","523","294","287","0","14","0","14","0","14","53","68","90","103","200","271","128","112","143","113","82","74","269","223","307","264","28","35","92","85","90","88","492","178","286","135","168","100","383","305","414","195","251","132","166","131","93","111","0","14",
"1400000US06075012503","Census Tract 125.03; San Francisco County; California","3977","524","278","308","0","14","0","14","0","14","0","14","0","14","0","14","0","14","0","14","2","9","116","101","228","132","71","111","150","162","290","163","854","388","253","123","337","184","378","193","239","224","610","306","149","124","0","14","22","56",
"1400000US06075012504","Census Tract 125.04; San Francisco County; California","659","201","79","80","0","14","0","14","0","14","25","42","0","14","0","14","0","14","51","64","38","59","3","6","58","75","0","14","0","14","5","8","127","73","35","39","10","14","42","40","107","81","34","60","45","60","0","14","0","14",
"1400000US06075012601","Census Tract 126.01; San Francisco County; California","1738","299","0","14","0","14","0","14","0","14","0","14","0","14","0","14","0","14","0","14","0","14","0","14","9","14","0","14","0","14","41","56","106","107","0","14","8","12","54","41","72","59","944","249","355","125","122","69","27","24",
"1400000US06075012602","Census Tract 126.02; San Francisco County; California","2421","399","0","14","0","14","0","14","0","14","0","14","0","14","0","14","0","14","0","14","56","76","0","14","13","20","18","30","0","14","0","14","34","28","8","15","41","49","50","41","18","19","1237","281","729","181","202","101","15","23",
"1400000US06075012700","Census Tract 127; San Francisco County; California","3105","481","0","14","0","14","0","14","0","14","0","14","0","14","0","14","0","14","0","14","0","14","0","14","0","14","39","67","0","14","62","89","169","146","32","58","31","36","247","237","71","62","1299","354","708","171","399","212","48","42",
"1400000US06075012801","Census Tract 128.01; San Francisco County; California","1810","330","0","14","0","14","0","14","0","14","0","14","0","14","0","14","0","14","0","14","0","14","0","14","12","19","0","14","0","14","120","138","30","37","37","37","46","38","176","105","23","32","753","215","467","176","116","100","30","36",
"1400000US06075012802","Census Tract 128.02; San Francisco County; California","1618","334","0","14","0","14","0","14","0","14","0","14","0","14","0","14","0","14","0","14","0","14","0","14","4","7","3","6","0","14","0","14","29","30","5","6","2","6","61","53","47","58","933","257","416","177","63","49","55","48",
"1400000US06075012901","Census Tract 129.01; San Francisco County; California","2262","380","8","13","0","14","0","14","0","14","0","14","0","14","0","14","0","14","8","13","0","14","0","14","0","14","0","14","0","14","42","65","61","54","2","4","28","23","67","62","20","24","1303","254","403","102","258","262","62","38",
"1400000US06075012902","Census Tract 129.02; San Francisco County; California","2233","310","0","14","0","14","0","14","0","14","0","14","0","14","0","14","0","14","0","14","0","14","0","14","0","14","0","14","0","14","0","14","157","95","0","14","65","79","251","152","103","94","1160","273","294","135","160","94","43","48",
"1400000US06075013001","Census Tract 130.01; San Francisco County; California","1274","221","16","25","15","24","0","14","0","14","0","14","0","14","0","14","0","14","0","14","0","14","0","14","0","14","4","8","5","9","0","14","34","31","0","14","13","22","61","67","41","43","735","177","244","113","80","54","26","28",
"1400000US06075013002","Census Tract 130.02; San Francisco County; California","2022","425","0","14","0","14","0","14","0","14","0","14","0","14","0","14","14","22","0","14","0","14","0","14","0","14","0","14","0","14","11","19","15","37","12","19","16","19","49","47","13","21","931","317","665","268","225","122","71","102",
"1400000US06075013101","Census Tract 131.01; San Francisco County; California","3296","427","159","228","0","14","0","14","0","14","0","14","0","14","0","14","0","14","0","14","0","14","0","14","2","5","0","14","0","14","0","14","45","42","0","14","82","64","236","170","61","44","1725","372","818","290","96","81","72","64",
"1400000US06075013102","Census Tract 131.02; San Francisco County; California","2187","388","11","17","0","14","0","14","0","14","0","14","0","14","0","14","0","14","0","14","0","14","0","14","0","14","0","14","0","14","0","14","31","24","8","15","34","40","189","89","27","26","863","200","656","188","129","71","239","256",
"1400000US06075013200","Census Tract 132; San Francisco County; California","3090","486","0","14","0","14","0","14","0","14","0","14","0","14","0","14","0","14","0","14","51","89","0","14","0","14","0","14","10","17","0","14","112","115","0","14","43","54","180","188","115","130","1386","288","806","295","231","133","156","111",
"1400000US06075013300","Census Tract 133; San Francisco County; California","3018","311","88","96","0","14","0","14","0","14","0","14","0","14","0","14","0","14","19","32","0","14","18","10","38","58","0","14","0","14","14","23","133","88","0","14","87","44","171","107","29","28","1297","257","740","209","272","119","112","77",
"1400000US06075013401","Census Tract 134.01; San Francisco County; California","1278","280","0","14","0","14","0","14","0","14","0","14","0","14","0","14","0","14","0","14","0","14","0","14","4","9","0","14","0","14","3","8","42","33","5","12","16","19","48","45","58","71","484","154","423","208","136","48","59","45",
"1400000US06075013402","Census Tract 134.02; San Francisco County; California","2093","343","21","26","8","12","0","14","0","14","0","14","0","14","0","14","0","14","0","14","0","14","0","14","0","14","0","14","0","14","6","10","33","41","0","14","0","14","79","41","216","127","1066","232","369","162","230","91","65","86",
"1400000US06075013500","Census Tract 135; San Francisco County; California","2319","272","69","53","0","14","0","14","0","14","0","14","0","14","0","14","0","14","0","14","0","14","0","14","12","48","0","14","7","11","0","14","77","50","0","14","5","10","71","63","110","84","1282","207","547","196","75","55","64","51",
"1400000US06075015100","Census Tract 151; San Francisco County; California","2441","419","12","21","0","14","0","14","0","14","0","14","0","14","0","14","0","14","0","14","0","14","8","13","0","14","0","14","0","14","44","52","47","46","12","16","116","74","247","125","55","49","974","253","688","258","74","51","164","72",
"1400000US06075015201","Census Tract 152.01; San Francisco County; California","1380","194","28","33","0","14","0","14","0","14","0","14","0","14","10","17","0","14","0","14","0","14","0","14","0","14","7","13","0","14","1","2","121","100","7","11","19","32","98","74","79","47","562","166","285","123","76","43","87","62",
"1400000US06075015202","Census Tract 152.02; San Francisco County; California","1968","532","0","14","0","14","0","14","0","14","0","14","0","14","0","14","0","14","32","50","0","14","0","14","0","14","0","14","0","14","15","35","162","164","9","15","26","23","356","332","68","65","626","162","446","103","151","84","77","72",
"1400000US06075015300","Census Tract 153; San Francisco County; California","2067","408","0","14","0","14","0","14","0","14","0","14","0","14","0","14","0","14","0","14","0","14","0","14","0","14","0","14","0","14","0","14","120","80","21","27","103","63","75","61","25","32","1106","400","476","137","133","87","8","12",
"1400000US06075015401","Census Tract 154.01; San Francisco County; California","2681","347","0","14","0","14","0","14","0","14","0","14","0","14","0","14","0","14","0","14","0","14","0","14","0","14","0","14","5","10","6","11","52","49","4","5","69","47","87","66","153","89","1516","341","549","148","141","74","99","74",
"1400000US06075015402","Census Tract 154.02; San Francisco County; California","2145","403","0","14","0","14","0","14","0","14","0","14","0","14","0","14","0","14","0","14","0","14","0","14","0","14","0","14","0","14","0","14","27","31","88","115","10","15","257","254","58","49","1011","293","475","119","166","90","53","49",
"1400000US06075015500","Census Tract 155; San Francisco County; California","3362","500","83","81","0","14","0","14","0","14","0","14","2","13","22","36","50","83","0","14","0","14","9","15","0","14","0","14","0","14","133","143","385","263","33","66","59","115","181","159","164","114","1302","497","578","210","237","135","124","84",
"1400000US06075015600","Census Tract 156; San Francisco County; California","2145","390","103","61","0","14","0","14","0","14","11","17","8","12","0","14","0","14","24","28","0","14","20","31","61","54","25","30","0","14","12","18","150","90","0","14","56","38","140","73","126","81","832","275","435","127","79","49","63","88",
"1400000US06075015701","Census Tract 157.01; San Francisco County; California","2517","470","0","14","0","14","0","14","0","14","0","14","0","14","0","14","0","14","0","14","0","14","0","14","12","21","0","14","0","14","51","47","181","104","97","120","10","18","51","38","226","248","1165","425","389","131","175","92","160","106",
"1400000US06075015702","Census Tract 157.02; San Francisco County; California","2560","494","0","14","0","14","0","14","0","14","0","14","0","14","0","14","0","14","17","42","0","14","1","3","19","30","10","14","14","18","36","58","45","48","0","14","14","23","270","121","46","33","1001","175","926","397","126","68","35","43",
"1400000US06075015801","Census Tract 158.01; San Francisco County; California","2555","265","66","70","0","14","0","14","0","14","0","14","0","14","0","14","0","14","0","14","0","14","0","14","0","14","20","32","48","66","0","14","238","152","64","62","55","56","253","135","192","130","1027","231","354","136","126","109","112","63",
"1400000US06075015802","Census Tract 158.02; San Francisco County; California","2689","334","5","10","0","14","0","14","0","14","12","19","0","14","0","14","0","14","4","10","0","14","20","27","0","14","11","18","13","17","21","23","131","60","0","14","30","28","130","76","48","41","1305","282","606","161","222","123","131","64",
"1400000US06075015900","Census Tract 159; San Francisco County; California","3641","550","331","244","0","14","0","14","0","14","0","14","21","34","0","14","1","6","46","78","0","14","78","128","0","14","0","14","10","20","24","30","395","212","100","89","203","191","265","153","201","132","1390","359","416","178","38","37","122","100",
"1400000US06075016000","Census Tract 160; San Francisco County; California","2702","513","141","60","0","14","0","14","0","14","0","14","0","14","0","14","0","14","97","111","0","14","0","14","0","14","12","31","0","14","101","54","338","138","3","5","112","69","235","118","130","127","661","182","302","90","407","427","163","72",
"1400000US06075016101","Census Tract 161.01; San Francisco County; California","2191","497","71","125","0","14","0","14","0","14","0","14","0","14","0","14","0","14","0","14","0","14","0","14","2","5","20","22","0","14","15","28","252","192","40","43","149","87","343","283","19","22","846","210","207","86","89","81","138","89",
"1400000US06075016102","Census Tract 161.02; San Francisco County; California","2383","355","39","43","0","14","0","14","0","14","11","20","37","46","12","20","19","32","96","83","0","14","46","52","0","14","55","79","54","55","151","93","752","238","68","69","379","135","86","95","173","98","194","103","36","48","0","14","175","243",
"1400000US06075016200","Census Tract 162; San Francisco County; California","2704","528","70","83","0","14","0","14","0","14","0","14","0","14","0","14","0","14","0","14","0","14","27","46","3","13","37","46","55","70","41","48","241","140","29","59","86","83","179","76","116","104","885","225","776","467","49","58","110","114",
"1400000US06075016300","Census Tract 163; San Francisco County; California","3211","522","0","14","0","14","0","14","0","14","0","14","0","14","0","14","0","14","0","14","0","14","7","28","12","18","0","14","0","14","30","54","256","140","0","14","87","95","339","156","168","103","1264","300","720","283","63","86","265","149",
"1400000US06075016400","Census Tract 164; San Francisco County; California","3104","472","65","70","0","14","0","14","0","14","0","14","0","14","0","14","0","14","0","14","0","14","0","14","0","14","0","14","0","14","49","51","130","68","9","17","23","24","242","90","20","40","1534","463","689","193","185","92","158","76",
"1400000US06075016500","Census Tract 165; San Francisco County; California","4626","665","239","234","0","19","0","19","0","19","0","19","0","19","0","19","0","19","0","19","0","19","0","19","48","80","0","19","9","22","76","101","398","208","106","120","246","133","281","123","153","122","1899","517","860","356","115","75","196","147",
"1400000US06075016601","Census Tract 166.01; San Francisco County; California","2523","476","34","28","0","14","0","14","0","14","17","29","0","14","0","14","0","14","0","14","0","14","0","14","0","14","0","14","0","14","12","22","78","49","28","31","63","51","158","86","39","29","1456","513","474","119","92","49","72","123",
"1400000US06075016602","Census Tract 166.02; San Francisco County; California","1687","421","0","14","0","14","0","14","0","14","0","14","0","14","0","14","0","14","0","14","0","14","0","14","0","14","0","14","0","14","0","14","41","66","0","14","17","30","110","70","23","30","868","325","291","130","120","55","217","123",
"1400000US06075016700","Census Tract 167; San Francisco County; California","4145","690","52","58","0","14","0","14","0","14","0","14","0","14","0","14","0","14","0","14","0","14","11","22","3","19","0","14","10","18","0","14","160","81","0","14","30","32","280","187","277","180","1738","454","1096","354","180","89","308","189",
"1400000US06075016801","Census Tract 168.01; San Francisco County; California","3413","423","77","90","0","14","0","14","0","14","0","14","0","14","0","14","37","28","30","40","20","32","0","14","48","66","34","52","7","11","24","41","292","160","22","36","181","121","191","118","121","68","1436","360","524","198","146","60","223","110",
"1400000US06075016802","Census Tract 168.02; San Francisco County; California","3258","519","110","141","0","14","0","14","0","14","0","14","0","14","0","14","0","14","0","14","0","14","53","89","0","14","16","27","9","18","31","67","231","134","47","46","112","93","705","436","102","102","1101","280","561","191","59","65","121","95",
"1400000US06075016900","Census Tract 169; San Francisco County; California","2327","291","51","51","0","14","0","14","0","14","0","14","0","14","0","14","1","2","10","15","0","14","10","15","1","2","0","14","0","14","0","14","180","122","26","41","34","38","159","86","95","92","1008","175","465","139","152","72","135","74",
"1400000US06075017000","Census Tract 170; San Francisco County; California","3599","441","0","14","0","14","0","14","0","14","0","14","0","14","0","14","0","14","15","26","0","14","0","14","0","14","0","14","0","14","0","14","211","175","0","14","61","54","93","66","44","42","1702","325","952","209","270","131","251","110",
"1400000US06075017101","Census Tract 171.01; San Francisco County; California","2957","315","0","14","0","14","0","14","0","14","0","14","0","14","0","14","0","14","0","14","0","14","0","14","0","14","32","62","0","14","0","14","48","50","41","50","28","41","212","95","99","85","1201","212","789","170","392","123","115","77",
"1400000US06075017102","Census Tract 171.02; San Francisco County; California","2465","232","24","30","0","14","0","14","0","14","0","14","0","14","0","14","9","14","0","14","0","14","0","14","7","15","18","29","40","65","0","14","89","68","25","26","50","41","97","59","43","27","1048","209","495","126","307","92","213","109",
"1400000US06075017602","Census Tract 176.02; San Francisco County; California","3011","767","33","29","0","14","0","14","20","32","0","14","0","14","0","14","20","24","0","14","0","14","20","32","70","76","22","31","180","141","12","21","483","249","144","97","216","141","503","250","256","194","804","351","129","91","77","65","22","26",
"1400000US06075017603","Census Tract 176.03; San Francisco County; California","3950","482","424","254","0","14","0","14","0","14","30","47","0","14","0","14","0","14","0","14","0","14","0","14","13","27","0","14","55","87","99","85","545","252","166","227","238","155","307","167","25","36","1284","382","484","209","231","158","49","50",
"1400000US06075017604","Census Tract 176.04; San Francisco County; California","3382","354","105","83","41","65","0","14","0","14","0","14","0","14","0","14","22","34","31","50","0","14","0","14","26","61","0","14","0","14","30","46","369","204","203","152","45","53","186","120","264","192","1277","294","703","264","80","81","0","14",
"1400000US06075017700","Census Tract 177; San Francisco County; California","2376","281","112","88","0","14","0","14","0","14","0","14","0","14","0","14","6","51","165","162","0","14","0","14","44","75","37","55","10","17","3","5","140","108","41","46","227","153","326","175","156","98","621","179","262","109","126","69","100","63",
"1400000US06075017801","Census Tract 178.01; San Francisco County; California","2959","384","336","182","0","14","32","52","66","89","74","110","21","34","0","14","113","133","112","113","0","14","0","14","21","34","0","14","0","14","38","33","462","212","0","14","46","47","321","180","84","68","621","303","398","202","96","90","118","82",
"1400000US06075017803","Census Tract 178.03; San Francisco County; California","2090","391","90","66","0","14","0","14","0","14","15","24","0","14","0","14","0","14","0","14","0","14","0","14","20","31","0","14","0","14","33","41","349","216","34","42","51","43","483","269","97","67","608","233","226","104","63","51","21","24",
"1400000US06075017804","Census Tract 178.04; San Francisco County; California","3791","497","37","54","0","14","0","14","0","14","25","40","0","14","0","14","0","14","0","14","0","14","0","14","18","50","41","55","0","14","77","62","253","135","57","94","113","78","288","180","240","149","1785","384","639","254","128","119","90","77",
"1400000US06075017903","Census Tract 179.03; San Francisco County; California","1689","426","25","31","0","14","0","14","0","14","0","14","0","14","0","14","0","14","8","12","0","14","0","14","52","112","33","93","90","92","27","29","294","149","48","103","30","24","317","177","185","139","480","182","92","57","8","12","0","14",
"1400000US06075018000","Census Tract 180; San Francisco County; California","2831","421","34","39","0","14","0","14","0","14","0","14","0","14","0","14","3","16","3","9","0","14","48","78","93","104","142","130","18","12","72","107","198","134","17","38","171","71","247","133","32","44","976","311","646","254","52","53","79","56",
"1400000US06075020101","Census Tract 201.01; San Francisco County; California","3334","573","309","411","0","14","0","14","0","14","0","14","0","14","0","14","0","14","0","14","0","14","0","14","0","14","11","18","103","69","94","118","415","209","46","68","116","93","214","162","113","108","1360","314","409","153","52","44","92","90",
"1400000US06075020102","Census Tract 201.02; San Francisco County; California","2885","810","148","91","0","14","0","14","0","14","36","59","22","41","34","51","120","121","54","63","0","14","13","22","28","44","20","39","76","55","147","115","337","139","176","199","102","59","224","136","80","71","693","545","416","266","33","34","126","99",
"1400000US06075020201","Census Tract 202.01; San Francisco County; California","1671","290","70","73","0","14","0","14","0","14","0","14","0","14","0","14","0","14","0","14","0","14","6","13","77","71","0","14","17","34","0","14","175","93","17","20","6","26","69","48","87","77","794","199","223","103","72","54","58","59",
"1400000US06075020202","Census Tract 202.02; San Francisco County; California","3554","552","50","62","0","14","0","14","0","14","0","14","0","14","0","14","0","14","17","29","0","14","50","36","18","30","0","14","0","14","0","14","378","156","29","34","141","109","340","206","118","84","1518","516","584","176","150","101","161","119",
"1400000US06075020300","Census Tract 203; San Francisco County; California","3152","499","12","18","0","14","0","14","0","14","0","14","0","14","11","19","0","14","12","18","0","14","9","14","0","14","0","14","0","14","22","28","59","50","25","27","105","74","178","67","153","91","1254","286","974","427","125","59","213","83",
"1400000US06075020401","Census Tract 204.01; San Francisco County; California","2870","295","0","14","0","14","0","14","0","14","0","14","0","14","0","14","0","14","0","14","0","14","0","14","0","14","0","14","0","14","6","10","72","43","38","40","123","71","225","125","75","43","1254","250","645","152","183","88","249","149",
"1400000US06075020402","Census Tract 204.02; San Francisco County; California","3670","388","15","24","0","14","0","14","0","14","0","14","0","14","0","14","0","14","0","14","0","14","0","14","0","14","0","14","0","14","14","24","208","148","97","116","123","94","230","125","120","121","1567","284","720","188","346","188","230","161",
"1400000US06075020500","Census Tract 205; San Francisco County; California","2334","319","76","104","0","14","0","14","0","14","0","14","0","14","0","14","0","14","0","14","0","14","0","14","0","14","0","14","0","14","0","14","173","86","4","8","68","47","198","85","89","51","775","184","596","184","185","99","170","80",
"1400000US06075020601","Census Tract 206.01; San Francisco County; California","2691","467","8","13","0","14","0","14","0","14","29","46","0","14","0","14","0","14","28","45","0","14","0","14","0","14","43","45","0","14","13","17","188","124","0","14","26","24","212","165","64","71","1230","392","486","185","199","95","165","103",
"1400000US06075020602","Census Tract 206.02; San Francisco County; California","2133","460","0","14","0","14","0","14","0","14","18","25","0","14","0","14","0","14","0","14","0","14","0","14","0","14","0","14","0","14","4","7","19","27","11","17","67","52","182","178","0","14","959","305","575","199","142","62","156","95",
"1400000US06075020701","Census Tract 207.01; San Francisco County; California","2785","573","0","14","0","14","0","14","0","14","0","14","0","14","0","14","0","14","13","20","0","14","0","14","0","14","0","14","0","14","14","21","87","90","0","14","55","44","109","67","66","106","1335","438","775","252","149","74","182","92",
"1400000US06075020702","Census Tract 207.02; San Francisco County; California","1754","211","0","14","0","14","0","14","0","14","0","14","0","14","18","25","0","14","0","14","0","14","0","14","37","42","8","14","0","14","33","33","86","57","3","7","14","14","163","67","83","65","741","125","404","134","94","60","70","48",
"1400000US06075020801","Census Tract 208.01; San Francisco County; California","2714","475","264","155","0","14","0","14","33","44","57","31","9","15","9","15","26","35","35","47","0","14","51","62","105","92","25","59","44","64","18","35","174","77","0","14","102","64","111","69","169","149","957","364","388","144","62","48","75","62",
"1400000US06075020802","Census Tract 208.02; San Francisco County; California","1734","396","62","41","0","14","0","14","32","52","68","74","0","14","36","59","60","68","43","68","0","14","139","174","59","71","30","49","71","116","85","110","38","42","3","7","60","54","44","50","109","93","392","124","216","115","126","97","61","112",
"1400000US06075020900","Census Tract 209; San Francisco County; California","2979","594","177","125","9","14","0","14","0","14","0","14","18","20","0","14","36","55","0","14","6","20","0","14","138","200","0","14","101","156","12","20","148","115","59","47","116","90","194","146","80","50","1144","354","474","126","111","106","156","135",
"1400000US06075021000","Census Tract 210; San Francisco County; California","3039","519","0","14","0","14","0","14","0","14","0","14","0","14","0","14","0","14","0","14","0","14","0","14","0","14","0","14","0","14","0","14","218","103","0","14","64","55","308","176","98","70","1155","320","690","187","182","109","324","229",
"1400000US06075021100","Census Tract 211; San Francisco County; California","3413","353","19","23","0","14","0","14","0","14","0","14","0","14","0","14","0","14","0","14","0","14","0","14","0","14","0","14","0","14","0","14","203","116","10","16","33","24","104","46","43","33","1170","196","1161","275","392","107","278","104",
"1400000US06075021200","Census Tract 212; San Francisco County; California","2299","333","0","14","0","14","0","14","0","14","0","14","0","14","0","14","0","14","0","14","0","14","0","14","5","8","0","14","2","7","2","8","45","39","18","22","20","23","206","134","53","44","792","205","825","191","179","65","152","68",
"1400000US06075021300","Census Tract 213; San Francisco County; California","1965","411","0","14","0","14","0","14","0","14","0","14","0","14","0","14","0","14","6","10","0","14","0","14","0","14","0","14","0","14","0","14","85","101","0","14","4","7","117","108","32","32","967","341","516","130","127","77","111","55",
"1400000US06075021400","Census Tract 214; San Francisco County; California","3005","365","17","27","0","14","0","14","0","14","0","14","0","14","0","14","0","14","0","14","0","14","0","14","0","14","0","14","8","13","6","9","130","95","46","50","58","41","169","77","284","168","1089","216","696","156","214","95","288","219",
"1400000US06075021500","Census Tract 215; San Francisco County; California","4244","503","36","40","0","19","0","19","0","19","0","19","0","19","0","19","0","19","34","41","0","19","0","19","21","35","0","19","0","19","18","26","137","100","34","41","55","60","171","75","187","135","1298","303","1798","479","283","124","172","107",
"1400000US06075021600","Census Tract 216; San Francisco County; California","3618","429","0","14","0","14","0","14","0","14","0","14","0","14","0","14","0","14","0","14","0","14","0","14","0","14","0","14","0","14","35","39","185","132","34","53","51","46","342","116","229","112","1169","276","1018","236","400","207","155","98",
"1400000US06075021700","Census Tract 217; San Francisco County; California","3207","405","44","40","0","14","0","14","0","14","0","14","23","28","21","24","0","14","17","19","0","14","35","31","19","22","0","14","11","17","11","17","157","77","42","55","124","70","218","86","179","76","1161","319","795","189","241","89","109","47",
"1400000US06075021800","Census Tract 218; San Francisco County; California","3431","413","0","14","0","14","0","14","0","14","0","14","0","14","0","14","0","14","0","14","0","14","0","14","6","10","0","14","34","53","41","58","63","42","28","34","94","55","317","112","171","86","1363","323","720","166","311","165","283","115",
"1400000US06075022600","Census Tract 226; San Francisco County; California","3581","417","0","14","0","14","0","14","0","14","0","14","0","14","0","14","0","14","0","14","0","14","0","14","0","14","20","31","0","14","33","35","11","17","0","14","94","102","133","103","126","79","1351","225","997","233","381","160","435","149",
"1400000US06075022702","Census Tract 227.02; San Francisco County; California","1685","362","0","14","0","14","0","14","0","14","0","14","0","14","0","14","0","14","0","14","0","14","0","14","0","14","0","14","31","56","0","14","36","37","4","8","56","45","73","47","53","50","752","349","478","89","128","70","74","36",
"1400000US06075022704","Census Tract 227.04; San Francisco County; California","3177","341","65","63","0","14","0","14","0","14","0","14","39","57","0","14","0","14","35","50","0","14","0","14","0","14","5","9","0","14","9","13","35","31","7","11","52","37","112","61","71","46","1076","202","1145","223","219","72","307","110",
"1400000US06075022801","Census Tract 228.01; San Francisco County; California","3984","801","147","123","0","14","0","14","0","14","0","14","18","36","0","14","0","14","0","14","16","22","0","14","17","34","0","14","31","77","5","8","731","430","154","186","89","62","418","271","148","112","1437","355","645","179","65","60","63","49",
"1400000US06075022802","Census Tract 228.02; San Francisco County; California","1749","221","25","23","0","14","0","14","0","14","0","14","18","19","0","14","9","15","20","49","9","13","0","14","0","14","49","50","18","19","16","18","225","115","52","38","81","67","168","79","85","43","616","247","272","82","54","34","32","23",
"1400000US06075022803","Census Tract 228.03; San Francisco County; California","2901","361","176","114","0","14","0","14","0","14","0","14","0","14","0","14","0","14","15","25","0","14","6","6","86","108","15","32","28","30","96","74","424","182","70","56","95","60","174","86","177","91","802","143","456","140","99","62","182","77",
"1400000US06075022901","Census Tract 229.01; San Francisco County; California","3447","468","401","267","0","14","0","14","0","14","0","14","124","160","47","58","44","45","91","102","0","14","181","223","134","134","2","7","41","60","65","76","260","156","95","78","65","59","310","169","129","96","1080","356","236","108","46","42","96","66",
"1400000US06075022902","Census Tract 229.02; San Francisco County; California","1461","247","95","56","0","14","0","14","0","14","0","14","0","14","7","12","7","11","12","19","0","14","0","14","0","14","41","43","28","33","0","14","157","74","16","21","42","44","92","118","62","57","443","103","247","86","114","59","98","63",
"1400000US06075022903","Census Tract 229.03; San Francisco County; California","2267","447","124","89","0","14","0","14","8","18","9","19","0","14","0","14","0","14","0","14","0","14","25","37","0","14","16","26","12","20","53","46","259","227","71","86","221","153","190","159","107","67","767","180","287","129","83","57","35","37",
"1400000US06075023001","Census Tract 230.01; San Francisco County; California","3923","550","487","181","0","19","0","19","0","19","0","19","0","19","19","21","30","32","23","39","13","19","50","48","0","19","0","19","233","152","306","154","953","302","78","57","92","69","270","110","156","83","1022","275","153","92","10","16","28","31",
"1400000US06075023003","Census Tract 230.03; San Francisco County; California","3021","347","183","94","0","14","39","48","0","14","0","14","0","14","0","14","0","14","11","17","0","14","54","57","71","68","9","17","59","67","76","60","601","221","68","74","216","140","352","171","209","100","872","238","114","74","62","46","25","30",
"1400000US06075023102","Census Tract 231.02; San Francisco County; California","2050","296","215","156","0","14","0","14","0","14","0","14","0","14","5","10","10","17","0","14","17","19","0","14","16","24","0","14","33","34","55","76","231","118","135","66","136","83","489","239","341","202","157","107","111","73","74","71","25","28",
"1400000US06075023103","Census Tract 231.03; San Francisco County; California","2361","407","142","85","0","14","0","14","0","14","0","14","0","14","0","14","0","14","31","48","0","14","15","22","0","14","77","85","131","106","189","123","678","257","183","106","186","124","412","204","93","71","202","145","15","28","7","11","0","14",
"1400000US06075023200","Census Tract 232; San Francisco County; California","2443","489","152","119","0","14","0","14","0","14","83","74","17","35","0","14","33","40","55","62","91","80","225","336","78","92","17","27","29","44","58","47","401","155","92","80","148","101","240","104","152","116","284","128","161","90","38","40","89","101",
"1400000US06075023300","Census Tract 233; San Francisco County; California","2840","379","300","132","0","14","4","8","0","14","0","14","15","23","0","14","15","24","40","33","12","19","74","85","39","38","27","20","16","19","170","82","673","200","92","51","117","60","339","128","217","93","499","153","166","75","4","6","21","20",
"1400000US06075023400","Census Tract 234; San Francisco County; California","2280","446","200","245","0","14","0","14","0","14","64","84","23","37","0","14","75","73","29","44","0","14","111","88","19","32","0","14","0","14","87","78","602","237","91","73","126","88","443","233","161","105","155","127","69","58","5","12","20","34",
"1400000US06075025100","Census Tract 251; San Francisco County; California","2650","447","176","186","0","14","0","14","0","14","0","14","0","14","0","14","0","14","11","18","0","14","18","30","3","5","0","14","14","20","0","14","133","84","25","29","149","107","190","123","181","148","1046","241","371","110","226","99","107","68",
"1400000US06075025200","Census Tract 252; San Francisco County; California","4210","522","23","37","0","19","0","19","0","19","0","19","0","19","0","19","0","19","0","19","50","74","0","19","0","19","0","19","0","19","76","93","590","421","83","132","102","81","295","166","67","72","1376","361","1095","323","183","111","270","139",
"1400000US06075025300","Census Tract 253; San Francisco County; California","3592","932","229","315","0","14","23","34","0","14","0","14","10","17","0","14","0","14","57","60","0","14","26","31","0","14","0","14","8","13","16","18","424","426","57","79","40","35","345","213","180","105","1174","178","623","154","238","107","142","73",
"1400000US06075025401","Census Tract 254.01; San Francisco County; California","2426","313","15","25","0","14","0","14","15","21","0","14","0","14","12","18","0","14","21","24","0","14","0","14","0","14","0","14","0","14","0","14","265","125","55","61","27","26","267","95","35","29","933","191","511","181","144","113","126","52",
"1400000US06075025402","Census Tract 254.02; San Francisco County; California","2343","606","0","14","0","14","0","14","0","14","0","14","0","14","0","14","0","14","0","14","0","14","0","14","0","14","0","14","11","15","103","119","216","143","58","87","92","51","141","64","181","183","909","244","382","131","180","88","70","55",
"1400000US06075025403","Census Tract 254.03; San Francisco County; California","3141","457","98","69","57","34","0","14","0","14","19","30","46","72","0","14","0","14","25","40","0","14","40","62","61","53","0","14","1","4","205","86","321","121","90","73","170","90","292","144","189","66","757","293","455","150","165","82","150","115",
"1400000US06075025501","Census Tract 255.01; San Francisco County; California","2891","883","126","102","0","14","0","14","0","14","0","14","49","48","0","14","59","63","76","92","0","14","0","14","41","39","0","14","0","14","156","140","355","192","97","74","311","283","256","128","212","210","887","438","194","108","31","30","41","51",
"1400000US06075025502","Census Tract 255.02; San Francisco County; California","3023","520","87","69","0","14","0","14","0","14","0","14","49","51","0","14","0","14","35","56","9","16","16","19","12","21","29","32","11","17","142","89","557","262","52","60","135","81","327","127","191","128","901","226","380","125","15","21","75","70",
"1400000US06075025600","Census Tract 256; San Francisco County; California","3882","498","229","109","0","19","0","19","0","19","40","40","20","32","0","19","38","38","11","16","0","19","13","26","8","13","10","17","30","31","190","129","667","148","149","115","161","65","578","198","204","105","1143","371","283","126","108","60","0","19",
"1400000US06075025701","Census Tract 257.01; San Francisco County; California","3493","539","420","188","8","13","0","14","0","14","0","14","26","29","0","14","13","20","21","35","21","24","94","95","106","138","9","15","87","76","100","59","412","208","105","65","146","66","287","120","398","176","883","219","168","86","100","66","89","75",
"1400000US06075025702","Census Tract 257.02; San Francisco County; California","3365","400","542","201","0","14","19","30","0","14","33","40","0","14","0","14","0","14","40","30","30","36","8","13","0","14","34","55","47","54","79","87","710","196","7","10","96","76","341","167","306","125","764","193","187","122","67","60","55","69",
"1400000US06075025800","Census Tract 258; San Francisco County; California","1381","329","219","118","0","14","0","14","0","14","0","14","0","14","47","64","0","14","0","14","0","14","17","21","0","14","84","123","7","10","47","43","139","57","36","37","56","35","184","80","199","91","258","119","72","42","16","17","0","14",
"1400000US06075025900","Census Tract 259; San Francisco County; California","3200","342","172","126","0","14","0","14","0","14","16","26","18","29","0","14","0","14","0","14","0","14","43","49","25","28","10","16","0","14","65","52","448","143","107","98","56","52","311","124","305","121","1171","216","303","116","83","55","67","50",
"1400000US06075026001","Census Tract 260.01; San Francisco County; California","4403","845","103","81","0","19","0","19","0","19","0","19","56","66","10","16","107","93","68","61","25","37","103","77","49","41","52","52","14","19","312","266","693","210","95","125","149","84","670","257","486","158","1071","345","216","145","57","53","67","43",
"1400000US06075026002","Census Tract 260.02; San Francisco County; California","2880","271","93","79","6","15","0","14","0","14","0","14","18","22","8","16","9","15","62","53","0","14","20","31","115","80","51","39","91","125","125","95","473","205","171","96","110","72","294","100","182","108","621","158","360","113","62","43","9","11",
"1400000US06075026003","Census Tract 260.03; San Francisco County; California","3377","410","276","133","0","14","0","14","0","14","0","14","0","14","0","14","45","68","41","45","0","14","7","19","23","33","0","14","37","39","91","70","534","197","123","99","339","138","486","140","242","130","819","242","240","104","12","20","62","54",
"1400000US06075026004","Census Tract 260.04; San Francisco County; California","3078","419","302","132","0","14","0","14","12","18","0","14","0","14","0","14","21","32","15","25","16","27","44","40","19","29","69","50","9","17","52","50","612","191","29","24","126","81","286","156","287","173","916","243","213","119","30","35","20","18",
"1400000US06075026100","Census Tract 261; San Francisco County; California","5083","594","516","242","0","19","16","25","0","19","0","19","58","72","0","19","63","65","163","117","0","19","28","30","136","104","54","70","0","19","127","81","683","183","18","21","227","108","500","226","633","243","1605","397","173","104","71","67","12","18",
"1400000US06075026201","Census Tract 262.01; San Francisco County; California","2951","401","111","67","0","14","0","14","0","14","0","14","13","22","0","14","5","9","70","79","0","14","52","41","25","31","20","22","19","24","184","93","442","249","79","78","232","121","253","77","410","171","862","169","166","84","8","20","0","14",
"1400000US06075026202","Census Tract 262.02; San Francisco County; California","2988","470","162","89","0","14","16","21","7","11","0","14","0","14","0","14","44","43","191","118","15","25","41","38","62","51","7","11","7","12","146","72","688","174","43","39","39","33","200","126","318","208","767","201","215","128","20","22","0","14",
"1400000US06075026301","Census Tract 263.01; San Francisco County; California","3825","626","356","221","0","19","7","12","0","19","9","15","0","19","0","19","33","53","82","56","18","28","61","82","98","93","23","26","21","24","176","105","885","280","139","114","213","173","742","318","102","68","699","218","69","46","71","45","21","21",
"1400000US06075026302","Census Tract 263.02; San Francisco County; California","3439","492","136","129","0","14","0","14","27","33","13","21","11","18","11","16","32","38","41","42","0","14","61","47","11","16","19","23","8","13","111","73","614","158","116","79","157","75","718","264","372","132","740","172","181","70","31","29","29","26",
"1400000US06075026303","Census Tract 263.03; San Francisco County; California","3702","524","456","231","0","14","0","14","0","14","0","14","4","8","0","14","16","25","22","25","10","20","17","25","129","148","23","27","0","14","83","59","799","245","40","40","177","90","503","218","498","288","785","176","87","46","40","39","13","20",
"1400000US06075026401","Census Tract 264.01; San Francisco County; California","2353","382","317","108","0","14","0","14","19","18","21","20","6","11","0","14","11","19","15","23","24","28","29","30","26","26","48","62","0","14","178","121","631","323","36","34","104","64","181","108","277","116","347","102","34","40","49","53","0","14",
"1400000US06075026402","Census Tract 264.02; San Francisco County; California","3672","1123","164","94","0","14","0","14","0","14","0","14","5","10","0","14","58","56","61","44","38","39","45","46","17","19","26","40","26","34","157","67","873","344","34","29","81","63","372","228","171","101","1174","455","333","342","16","21","21","24",
"1400000US06075026403","Census Tract 264.03; San Francisco County; California","2901","551","272","147","0","14","0","14","0","14","17","27","32","41","25","41","31","35","42","47","11","19","0","14","119","111","42","55","24","41","133","113","575","309","52","55","125","77","379","178","349","143","533","219","38","48","85","72","17","28",
"1400000US06075026404","Census Tract 264.04; San Francisco County; California","1735","231","196","92","0","14","45","49","0","14","55","64","0","14","0","14","0","14","52","33","5","11","15","20","59","54","105","85","29","36","84","63","274","90","20","21","57","36","177","83","248","92","298","122","16","19","0","14","0","14",
"1400000US06075030101","Census Tract 301.01; San Francisco County; California","3636","569","23","31","0","14","0","14","0","14","0","14","0","14","0","14","0","14","0","14","0","14","0","14","0","14","15","29","0","14","0","14","173","85","26","43","109","96","118","72","255","139","1664","453","525","158","508","437","220","105",
"1400000US06075030102","Census Tract 301.02; San Francisco County; California","3899","336","3","7","0","19","0","19","0","19","0","19","0","19","0","19","0","19","0","19","0","19","0","19","0","19","9","15","0","19","1","3","179","134","100","66","44","37","210","93","161","77","1507","268","889","249","480","202","316","146",
"1400000US06075030201","Census Tract 302.01; San Francisco County; California","3088","471","87","82","0","14","0","14","0","14","0","14","0","14","16","25","8","12","116","157","8","12","18","20","34","48","9","14","7","12","31","28","227","165","0","14","68","55","228","103","63","40","1220","279","614","168","236","144","98","57",
"1400000US06075030202","Census Tract 302.02; San Francisco County; California","3415","502","231","226","0","14","0","14","0","14","0","14","0","14","0","14","0","14","0","14","0","14","0","14","0","14","22","38","0","14","102","79","149","75","36","50","105","156","223","130","296","147","1347","308","539","188","133","81","232","139",
"1400000US06075030301","Census Tract 303.01; San Francisco County; California","4933","624","168","99","0","19","0","19","0","19","0","19","0","19","0","19","29","49","0","19","0","19","0","19","7","20","0","19","24","35","62","59","289","159","14","22","98","74","223","131","158","107","2463","480","794","395","424","177","180","131",
"1400000US06075030302","Census Tract 303.02; San Francisco County; California","2832","361","106","64","0","14","0","14","0","14","11","17","0","14","0","14","0","14","38","44","25","38","40","48","0","14","0","14","0","14","73","55","204","89","9","13","66","42","225","88","136","51","1036","232","415","114","331","160","117","67",
"1400000US06075030400","Census Tract 304; San Francisco County; California","4233","504","129","117","0","19","0","19","0","19","0","19","0","19","0","19","8","12","0","19","0","19","8","14","156","176","30","46","16","18","17","21","322","161","32","30","107","97","256","97","173","105","1349","261","715","193","551","137","364","247",
"1400000US06075030500","Census Tract 305; San Francisco County; California","2909","316","95","67","0","14","0","14","0","14","2","5","27","40","2","5","27","40","48","42","0","14","45","39","38","30","40","39","85","86","66","87","368","104","12","18","92","86","250","103","200","93","669","134","434","105","222","91","187","131",
"1400000US06075030600","Census Tract 306; San Francisco County; California","1774","230","4","7","8","12","0","14","0","14","0","14","0","14","0","14","0","14","4","7","0","14","0","14","0","14","0","14","5","9","14","17","54","35","38","41","38","25","54","34","82","34","754","155","390","94","248","89","81","44",
"1400000US06075030700","Census Tract 307; San Francisco County; California","4997","450","0","19","0","19","0","19","0","19","0","19","0","19","0","19","0","19","0","19","0","19","14","23","0","19","0","19","0","19","17","28","269","141","96","100","91","62","360","179","313","139","1893","326","1313","320","330","161","301","137",
"1400000US06075030800","Census Tract 308; San Francisco County; California","4557","1101","37","47","0","19","0","19","0","19","0","19","22","35","0","19","0","19","0","19","0","19","0","19","57","57","0","19","0","19","22","22","315","196","0","19","54","53","284","120","279","140","1946","726","794","288","567","220","180","81",
"1400000US06075030900","Census Tract 309; San Francisco County; California","4871","624","201","154","0","19","0","19","0","19","0","19","0","19","0","19","0","19","84","142","0","19","0","19","0","19","0","19","0","19","78","59","173","108","8","17","268","117","560","233","364","167","1625","347","953","281","419","158","138","90",
"1400000US06075031000","Census Tract 310; San Francisco County; California","3381","508","38","29","0","14","0","14","0","14","20","20","0","14","0","14","11","18","9","14","37","56","0","14","0","14","0","14","25","37","24","27","147","61","81","101","200","132","458","227","224","147","1103","330","484","136","254","102","266","118",
"1400000US06075031100","Census Tract 311; San Francisco County; California","4652","564","74","89","0","19","0","19","0","19","0","19","0","19","0","19","17","27","39","62","19","22","34","40","80","83","0","19","29","47","165","180","337","138","92","109","116","115","430","172","252","107","1807","351","706","207","220","104","235","125",
"1400000US06075031201","Census Tract 312.01; San Francisco County; California","4685","972","226","128","0","19","0","19","0","19","0","19","0","19","0","19","51","40","116","126","5","10","97","108","23","28","10","17","20","32","193","74","969","553","44","41","238","113","778","269","348","148","1193","248","243","146","83","56","48","40",
"1400000US06075031202","Census Tract 312.02; San Francisco County; California","2177","308","220","124","0","14","0","14","0","14","0","14","63","68","0","14","21","34","54","57","43","38","0","14","37","36","18","30","59","55","81","47","318","127","0","14","61","49","235","80","26","22","686","192","126","53","79","52","50","39",
"1400000US06075031301","Census Tract 313.01; San Francisco County; California","2970","540","73","54","0","14","0","14","0","14","0","14","0","14","0","14","0","14","143","192","0","14","26","45","29","40","0","14","0","14","9","15","427","187","36","40","86","51","545","398","188","62","925","203","305","124","137","77","41","48",
"1400000US06075031302","Census Tract 313.02; San Francisco County; California","3844","516","64","56","0","14","0","14","0","14","0","14","130","165","0","14","16","17","26","31","15","17","0","14","59","65","0","14","38","43","162","77","553","189","34","32","133","73","383","151","191","95","1167","212","689","316","65","51","119","156",
"1400000US06075031401","Census Tract 314.01; San Francisco County; California","1860","276","207","132","0","14","0","14","13","20","0","14","7","11","0","14","27","30","69","38","0","14","28","34","9","14","9","14","36","31","149","59","378","150","9","12","47","38","231","87","188","78","337","153","90","78","13","19","13","14",
"1400000US06075031402","Census Tract 314.02; San Francisco County; California","3003","455","245","145","0","14","23","33","0","14","0","14","7","13","0","14","13","20","8","12","9","15","32","42","21","31","0","14","68","65","84","58","528","141","14","23","136","126","172","82","299","135","878","238","265","142","126","89","75","60",
"1400000US06075032601","Census Tract 326.01; San Francisco County; California","3559","540","148","170","15","23","0","14","8","13","0","14","22","23","0","14","0","14","87","101","0","14","20","29","13","19","24","37","14","23","45","33","182","90","49","44","81","48","290","160","188","90","1435","291","658","170","162","82","118","67",
"1400000US06075032602","Census Tract 326.02; San Francisco County; California","3240","371","29","56","0","14","0","14","0","14","0","14","4","8","4","11","28","56","10","15","1","5","21","25","117","116","37","30","19","21","44","39","370","133","33","27","82","50","247","105","290","139","1053","287","423","150","201","94","227","107",
"1400000US06075032700","Census Tract 327; San Francisco County; California","5472","820","216","224","0","19","0","19","0","19","0","19","18","25","12","21","46","50","66","54","0","19","17","45","258","232","0","19","0","19","311","349","533","236","115","84","196","143","675","272","242","145","1668","450","830","252","193","138","76","72",
"1400000US06075032801","Census Tract 328.01; San Francisco County; California","3242","561","106","72","0","14","0","14","0","14","0","14","0","14","0","14","9","17","25","28","49","82","9","17","55","59","0","14","0","14","80","57","550","239","95","73","179","151","264","159","278","142","1020","195","438","152","56","42","29","30",
"1400000US06075032802","Census Tract 328.02; San Francisco County; California","3481","662","166","91","0","14","0","14","0","14","0","14","0","14","0","14","0","14","37","33","0","14","27","22","0","14","10","16","0","14","89","57","545","198","12","19","190","89","398","237","189","95","1149","400","429","156","146","80","94","60",
"1400000US06075032901","Census Tract 329.01; San Francisco County; California","4323","463","174","100","12","18","0","19","0","19","0","19","0","19","0","19","0","19","137","108","0","19","22","24","43","55","0","19","44","67","174","126","394","174","44","34","89","49","490","130","488","253","1423","296","446","183","298","140","45","36",
"1400000US06075032902","Census Tract 329.02; San Francisco County; California","2893","661","59","39","0","14","0","14","0","14","8","13","6","10","0","14","8","13","12","19","0","14","8","13","18","22","0","14","0","14","56","51","574","499","156","206","130","67","201","81","120","64","962","213","331","116","95","50","149","90",
"1400000US06075033001","Census Tract 330.01; San Francisco County; California","3177","485","130","152","0","14","0","14","0","14","0","14","28","30","0","14","0","14","32","46","0","14","0","14","59","54","0","14","16","24","24","36","436","201","68","63","67","73","217","116","192","119","1202","467","492","182","95","65","119","60",
"1400000US06075033002","Census Tract 330.02; San Francisco County; California","3107","436","92","93","0","14","0","14","0","14","0","14","0","14","24","39","55","77","21","31","15","24","0","14","52","39","0","14","10","17","51","61","313","190","29","29","123","73","185","84","206","102","1262","322","474","133","151","86","44","37",
"1400000US06075033100","Census Tract 331; San Francisco County; California","2767","263","62","92","0","14","0","14","0","14","0","14","0","14","0","14","7","11","10","16","0","14","6","11","0","14","0","14","13","17","66","44","108","57","0","14","51","35","290","97","150","57","1202","242","493","152","243","93","66","42",
"1400000US06075033201","Census Tract 332.01; San Francisco County; California","937","319","19","29","0","14","0","14","0","14","0","14","0","14","0","14","0","14","0","14","0","14","8","12","0","14","6","11","0","14","14","22","78","55","6","10","39","28","101","100","135","121","294","129","63","49","10","19","164","85",
"1400000US06075033203","Census Tract 332.03; San Francisco County; California","2172","352","41","63","0","14","0","14","0","14","0","14","0","14","0","14","0","14","40","50","0","14","0","14","0","14","22","33","0","14","44","65","292","203","0","14","65","46","363","141","210","172","703","171","307","120","69","54","16","26",
"1400000US06075033204","Census Tract 332.04; San Francisco County; California","2760","659","137","144","41","62","0","14","0","14","0","14","0","14","0","14","0","14","0","14","0","14","0","14","0","14","0","14","27","44","63","57","251","136","51","53","98","68","453","216","208","112","1009","506","330","116","83","62","9","18",
"1400000US06075035101","Census Tract 351.01; San Francisco County; California","2959","649","120","75","0","14","0","14","0","14","0","14","11","18","8","16","0","14","24","28","0","14","24","26","12","18","15","23","42","70","97","69","287","149","53","46","25","26","279","117","147","93","1126","565","344","158","271","139","74","73",
"1400000US06075035102","Census Tract 351.02; San Francisco County; California","2853","339","43","38","0","14","0","14","0","14","0","14","32","46","0","14","0","14","10","17","56","52","129","83","21","31","0","14","0","14","223","147","119","68","41","54","81","57","226","102","263","96","1157","314","208","77","118","73","126","84",
"1400000US06075035201","Census Tract 352.01; San Francisco County; California","4090","671","284","164","0","19","0","19","0","19","38","41","6","9","97","81","29","30","44","35","11","16","54","54","0","19","0","19","47","57","99","60","420","206","72","45","87","64","462","271","305","118","1414","256","421","117","165","82","35","29",
"1400000US06075035202","Census Tract 352.02; San Francisco County; California","3268","388","75","57","0","14","0","14","0","14","0","14","0","14","22","36","24","38","0","14","0","14","19","28","0","14","8","12","46","62","134","90","429","140","158","84","89","58","344","141","189","74","1201","307","352","131","135","82","43","32",
"1400000US06075035300","Census Tract 353; San Francisco County; California","5198","600","198","151","0","19","0","19","0","19","0","19","0","19","0","19","0","19","0","19","1","4","57","64","0","19","0","19","0","19","89","87","851","283","66","78","267","172","349","161","379","196","1775","331","935","388","152","143","79","97",
"1400000US06075035400","Census Tract 354; San Francisco County; California","5403","767","118","83","0","19","0","19","0","19","0","19","0","19","0","19","37","33","28","35","15","25","65","59","74","86","0","19","0","19","160","114","694","337","195","151","211","140","477","164","398","143","2073","473","603","198","170","145","85","82",
"1400000US06075040100","Census Tract 401; San Francisco County; California","3176","559","105","111","0","14","0","14","0","14","17","29","7","17","0","14","0","14","10","15","0","14","0","14","27","43","0","14","0","14","27","31","93","71","99","110","67","77","345","226","58","58","1407","245","647","224","212","134","55","39",
"1400000US06075040200","Census Tract 402; San Francisco County; California","3793","606","78","88","0","14","0","14","0","14","0","14","0","14","0","14","20","33","0","14","0","14","21","35","27","46","46","47","22","37","84","83","136","104","7","19","92","82","329","187","361","234","1578","465","666","219","212","122","114","112",
"1400000US06075042601","Census Tract 426.01; San Francisco County; California","3475","479","131","86","0","14","10","15","0","14","9","14","0","14","0","14","9","14","26","42","0","14","48","57","27","44","0","14","0","14","15","22","220","118","24","20","167","80","479","211","146","67","1518","289","500","159","98","58","48","35",
"1400000US06075042602","Census Tract 426.02; San Francisco County; California","2239","309","47","35","8","15","11","17","0","14","0","14","0","14","0","14","0","14","0","14","0","14","0","14","0","14","0","14","5","8","0","14","90","62","16","26","84","73","138","72","122","68","968","207","576","168","83","50","91","52",
"1400000US06075042700","Census Tract 427; San Francisco County; California","4337","425","163","115","0","19","0","19","0","19","0","19","0","19","0","19","0","19","0","19","76","92","19","31","82","93","0","19","110","120","82","83","298","144","22","41","119","106","554","236","203","132","1627","342","665","236","275","178","42","47",
"1400000US06075042800","Census Tract 428; San Francisco County; California","1812","185","26","19","0","14","0","14","0","14","0","14","13","19","0","14","0","14","0","14","0","14","0","14","0","14","0","14","0","14","6","9","91","71","26","26","12","13","57","35","66","29","673","148","524","90","269","68","49","40",
"1400000US06075045100","Census Tract 451; San Francisco County; California","3788","696","3","8","78","107","7","11","0","14","0","14","24","30","0","14","26","31","30","33","0","14","0","14","0","14","0","14","19","26","69","57","253","149","43","55","113","73","197","97","150","100","1625","495","812","312","210","180","129","71",
"1400000US06075045201","Census Tract 452.01; San Francisco County; California","2429","246","129","125","0","14","65","56","2","4","0","14","0","14","0","14","0","14","0","14","0","14","0","14","14","21","0","14","0","14","0","14","50","37","12","19","65","57","129","71","88","68","1117","200","382","130","232","91","144","83",
"1400000US06075045202","Census Tract 452.02; San Francisco County; California","2462","491","67","59","0","14","0","14","0","14","0","14","0","14","0","14","0","14","0","14","0","14","0","14","0","14","0","14","19","26","94","59","120","87","17","19","14","23","197","95","158","137","914","252","682","269","147","115","33","45",
"1400000US06075047600","Census Tract 476; San Francisco County; California","4035","489","172","119","0","19","0","19","0","19","0","19","0","19","0","19","0","19","0","19","0","19","0","19","42","74","0","19","0","19","66","88","274","208","49","42","54","52","365","163","345","199","1638","365","770","229","92","77","168","127",
"1400000US06075047701","Census Tract 477.01; San Francisco County; California","3728","446","158","124","0","14","0","14","0","14","0","14","0","14","0","14","76","120","5","8","0","14","43","52","0","14","12","19","17","26","120","81","122","60","0","14","83","68","304","145","303","106","1563","274","666","184","137","125","119","64",
"1400000US06075047702","Census Tract 477.02; San Francisco County; California","2578","371","94","90","0","14","0","14","0","14","0","14","0","14","0","14","0","14","63","73","12","19","0","14","9","14","0","14","8","13","84","53","127","68","14","19","84","54","185","100","278","107","904","211","591","175","43","30","82","54",
"1400000US06075047801","Census Tract 478.01; San Francisco County; California","3373","339","171","127","0","14","0","14","0","14","0","14","0","14","10","16","10","21","23","33","0","14","0","14","32","34","15","25","0","14","28","26","303","126","97","82","85","63","149","68","80","47","1292","246","716","169","253","107","109","54",
"1400000US06075047802","Census Tract 478.02; San Francisco County; California","2633","398","66","46","0","14","0","14","0","14","0","14","0","14","0","14","36","57","13","19","0","14","140","209","0","14","13","15","32","28","14","29","236","109","19","21","76","60","275","116","148","101","1034","237","317","122","150","95","64","49",
"1400000US06075047902","Census Tract 479.02; San Francisco County; California","2780","429","39","42","0","14","0","14","0","14","0","14","0","14","0","14","0","14","0","14","0","14","29","35","0","14","0","14","8","12","79","81","183","111","0","14","63","47","440","170","342","170","884","194","516","122","126","67","71","56",
"1400000US06075047903","Census Tract 479.03; San Francisco County; California","2793","482","106","98","0","14","0","14","19","28","0","14","0","14","0","14","0","14","32","50","0","14","8","12","0","14","0","14","0","14","6","11","219","151","24","38","31","36","263","121","132","78","1217","350","440","143","230","105","66","46",
"1400000US06075047904","Census Tract 479.04; San Francisco County; California","2426","441","50","47","0","14","0","14","0","14","0","14","0","14","0","14","0","14","0","14","3","7","0","14","3","12","0","14","0","14","63","57","191","97","20","28","85","51","420","351","123","65","929","198","326","123","163","110","50","44",
"1400000US06075060100","Census Tract 601; San Francisco County; California","2566","346","17","21","0","14","0","14","0","14","0","14","0","14","0","14","0","14","0","14","0","14","9","14","0","14","1","3","1","3","11","18","69","50","82","77","24","23","110","62","94","81","1203","242","759","249","118","66","68","50",
"1400000US06075060400","Census Tract 604; San Francisco County; California","1532","257","13","21","0","14","0","14","0","14","0","14","0","14","0","14","0","14","0","14","0","14","0","14","0","14","0","14","51","45","1","2","217","92","49","54","55","43","132","91","77","50","467","155","184","78","121","78","165","97",
"1400000US06075060502","Census Tract 605.02; San Francisco County; California","1789","340","100","60","0","14","0","14","0","14","0","14","4","8","0","14","0","14","77","75","20","28","51","74","8","13","40","50","18","28","80","67","389","176","78","49","128","91","359","158","99","75","293","124","40","46","5","10","0","14",
"1400000US06075060701","Census Tract 607.01; San Francisco County; California","6682","659","140","113","0","19","0","19","73","106","0","19","0","19","45","67","65","86","132","193","0","19","0","19","0","19","0","19","0","19","20","15","281","170","0","19","85","86","262","159","113","89","1919","546","2017","516","509","284","1021","439",
"1400000US06075060702","Census Tract 607.02; San Francisco County; California","2120","271","16","19","0","14","0","14","0","14","0","14","0","14","0","14","0","14","0","14","8","16","0","14","0","14","0","14","0","14","81","59","198","122","0","14","60","69","153","99","130","83","620","173","551","171","56","57","247","156",
"1400000US06075060703","Census Tract 607.03; San Francisco County; California","4815","639","39","73","0","19","0","19","0","19","0","19","24","75","12","30","0","19","47","63","90","115","33","44","28","49","0","19","0","19","119","90","293","208","119","95","60","69","386","277","168","144","1654","409","1269","316","209","136","265","136",
"1400000US06075061000","Census Tract 610; San Francisco County; California","3281","426","90","49","0","14","5","11","0","14","33","47","5","11","0","14","0","14","84","109","0","14","4","8","0","14","0","14","50","67","84","57","426","132","87","75","330","169","529","185","180","102","814","170","348","126","28","38","184","118",
"1400000US06075061101","Census Tract 611.01; San Francisco County; California","1304","299","190","86","0","14","0","14","0","14","24","38","22","30","25","37","20","17","97","82","0","14","53","44","124","151","8","12","31","36","52","41","301","164","37","41","2","13","3","7","46","42","201","99","54","54","0","14","14","22",
"1400000US06075061102","Census Tract 611.02; San Francisco County; California","1543","216","307","154","0","14","0","14","15","21","0","14","34","51","14","22","27","29","104","108","36","58","62","44","130","127","75","41","37","33","47","40","227","147","33","49","39","36","44","37","33","33","224","149","32","31","11","16","12","19",
"1400000US06075061200","Census Tract 612; San Francisco County; California","3119","601","193","127","0","14","13","24","0","14","4","8","0","14","17","27","21","39","22","28","0","14","23","43","0","14","46","73","53","49","51","56","807","288","104","69","74","71","464","185","286","148","479","152","313","142","76","84","73","63",
"1400000US06075061401","Census Tract 614.01; San Francisco County; California","2227","407","19","24","0","14","0","14","0","14","0","14","0","14","0","14","12","24","0","14","21","34","0","14","0","14","0","14","0","14","62","54","113","66","41","39","36","43","186","95","49","47","1172","371","330","115","47","42","139","78",
"1400000US06075061402","Census Tract 614.02; San Francisco County; California","1897","344","16","19","0","14","0","14","0","14","0","14","0","14","0","14","0","14","0","14","0","14","0","14","0","14","0","14","0","14","0","14","109","131","0","14","83","80","108","87","13","16","636","257","632","175","163","99","137","87",
"1400000US06075061501","Census Tract 615.01; San Francisco County; California","1711","451","0","14","0","14","0","14","0","14","0","14","0","14","0","14","0","14","0","14","0","14","0","14","0","14","0","14","0","14","0","14","75","83","36","37","12","21","99","99","218","294","427","215","730","384","52","42","62","59",
"1400000US06075061502","Census Tract 615.02; San Francisco County; California","1970","436","18","30","0","14","0","14","0","14","11","19","0","14","0","14","0","14","0","14","0","14","0","14","33","51","0","14","0","14","0","14","129","84","61","68","32","56","22","26","11","19","638","239","628","288","162","109","225","139",
"1400000US06075061503","Census Tract 615.03; San Francisco County; California","3169","586","42","54","0","14","0","14","0","14","0","14","0","14","0","14","0","14","149","194","0","14","0","14","0","14","12","28","0","14","18","30","51","82","0","14","0","14","114","92","156","163","1307","367","1034","436","213","236","73","67",
"1400000US06075061504","Census Tract 615.04; San Francisco County; California","1745","397","63","63","0","14","0","14","0","14","0","14","0","14","0","14","0","14","87","106","0","14","0","14","0","14","0","14","0","14","7","12","25","29","32","45","21","27","77","81","0","14","498","157","542","307","262","181","131","93",
"1400000US06075061505","Census Tract 615.05; San Francisco County; California","831","115","0","14","0","14","0","14","0","14","0","14","0","14","0","14","0","14","0","14","0","14","0","14","0","14","0","14","0","14","10","15","0","14","0","14","6","10","49","56","6","10","312","75","306","88","116","51","26","24",
"1400000US06075061506","Census Tract 615.06; San Francisco County; California","3856","943","0","14","0","14","0","14","0","14","0","14","0","14","0","14","0","14","0","14","0","14","0","14","0","14","0","14","0","14","0","14","53","53","0","14","65","95","169","180","19","31","1639","567","1180","803","457","375","274","132",
"1400000US06075061507","Census Tract 615.07; San Francisco County; California","1062","210","16","27","0","14","0","14","0","14","37","60","0","14","0","14","0","14","0","14","0","14","0","14","0","14","0","14","11","17","2","27","109","50","0","14","1","12","61","51","39","37","479","146","235","126","64","65","8","19",
"1400000US06075061508","Census Tract 615.08; San Francisco County; California","1714","228","45","72","0","14","0","14","0","14","0","14","0","14","0","14","0","14","51","62","0","14","31","60","0","14","0","14","0","14","36","63","119","99","0","14","36","51","272","160","75","86","456","188","508","228","43","64","42","49",
"1400000US06075980200","Census Tract 9802; San Francisco County; California","160","12","0","14","0","14","0","14","0","14","0","14","0","14","0","14","3","10","0","14","0","14","0","14","0","14","10","26","3","7","3","8","74","42","8","19","0","14","12","17","3","10","26","33","18","34","0","14","0","14",
"1400000US06075980300","Census Tract 9803; San Francisco County; California","58","29","0","14","0","14","0","14","0","14","0","14","0","14","0","14","0","14","0","14","0","14","0","14","0","14","0","14","0","14","0","14","0","14","5","7","0","14","0","14","4","6","31","29","14","14","0","14","4","6",
"1400000US06075980401","Census Tract 9804.01; San Francisco County; California","0","14","0","14","0","14","0","14","0","14","0","14","0","14","0","14","0","14","0","14","0","14","0","14","0","14","0","14","0","14","0","14","0","14","0","14","0","14","0","14","0","14","0","14","0","14","0","14","0","14",
"1400000US06075980501","Census Tract 9805.01; San Francisco County; California","143","50","21","18","0","14","0","14","0","14","21","27","18","19","0","14","9","10","20","30","0","14","0","14","14","22","0","14","0","14","10","14","20","15","0","14","5","7","5","8","0","14","0","14","0","14","0","14","0","14",
"1400000US06075980600","Census Tract 9806; San Francisco County; California","935","125","51","46","0","14","7","11","0","14","0","14","7","10","5","9","0","14","19","22","17","18","0","14","0","14","7","11","0","14","6","9","120","41","8","15","36","26","135","60","80","48","276","76","118","48","15","15","28","25",
"1400000US06075980900","Census Tract 9809; San Francisco County; California","349","116","53","52","0","14","0","14","0","14","0","14","0","14","0","14","0","14","0","14","0","14","0","14","0","14","16","25","0","14","4","6","17","18","0","14","15","26","10","10","32","35","113","60","38","35","27","26","24","30",
"1400000US06075990100","Census Tract 9901; San Francisco County; California","0","14","0","14","0","14","0","14","0","14","0","14","0","14","0","14","0","14","0","14","0","14","0","14","0","14","0","14","0","14","0","14","0","14","0","14","0","14","0","14","0","14","0","14","0","14","0","14","0","14",
"1400000US06075990200","Census Tract 9902; San Francisco County; California","0","14","0","14","0","14","0","14","0","14","0","14","0","14","0","14","0","14","0","14","0","14","0","14","0","14","0","14","0","14","0","14","0","14","0","14","0","14","0","14","0","14","0","14","0","14","0","14","0","14",
