"GEO_ID","NAME","B03002_001E","B03002_001M","B03002_002E","B03002_002M","B03002_003E","B03002_003M","B03002_004E","B03002_004M","B03002_005E","B03002_005M","B03002_006E","B03002_006M","B03002_007E","B03002_007M","B03002_008E","B03002_008M","B03002_009E","B03002_009M","B03002_010E","B03002_010M","B03002_011E","B03002_011M","B03002_012E","B03002_012M","B03002_013E","B03002_013M","B03002_014E","B03002_014M","B03002_015E","B03002_015M","B03002_016E","B03002_016M","B03002_017E","B03002_017M","B03002_018E","B03002_018M","B03002_019E","B03002_019M","B03002_020E","B03002_020M","B03002_021E","B03002_021M",
"Geography","Geographic Area Name","Estimate!!Total:","Margin of Error!!Total:","Estimate!!Total:!!Not Hispanic or Latino:","Margin of Error!!Total:!!Not Hispanic or Latino:","Estimate!!Total:!!Not Hispanic or Latino:!!White alone","Margin of Error!!Total:!!Not Hispanic or Latino:!!White alone","Estimate!!Total:!!Not Hispanic or Latino:!!Black or African American alone","Margin of Error!!Total:!!Not Hispanic or Latino:!!Black or African American alone","Estimate!!Total:!!Not Hispanic or Latino:!!American Indian and Alaska Native alone","Margin of Error!!Total:!!Not Hispanic or Latino:!!American Indian and Alaska Native alone","Estimate!!Total:!!Not Hispanic or Latino:!!Asian alone","Margin of Error!!Total:!!Not Hispanic or Latino:!!Asian alone","Estimate!!Total:!!Not Hispanic or Latino:!!Native Hawaiian and Other Pacific Islander alone","Margin of Error!!Total:!!Not Hispanic or Latino:!!Native Hawaiian and Other Pacific Islander alone","Estimate!!Total:!!Not Hispanic or Latino:!!Some other race alone","Margin of Error!!Total:!!Not Hispanic or Latino:!!Some other race alone","Estimate!!Total:!!Not Hispanic or Latino:!!Two or more races:","Margin of Error!!Total:!!Not Hispanic or Latino:!!Two or more races:","Estimate!!Total:!!Not Hispanic or Latino:!!Two or more races:!!Two races including Some other race","Margin of Error!!Total:!!Not Hispanic or Latino:!!Two or more races:!!Two races including Some other race","Estimate!!Total:!!Not Hispanic or Latino:!!Two or more races:!!Two races excluding Some other race, and three or more races","Margin of Error!!Total:!!Not Hispanic or Latino:!!Two or more races:!!Two races excluding Some other race, and three or more races","Estimate!!Total:!!Hispanic or Latino:","Margin of Error!!Total:!!Hispanic or Latino:","Estimate!!Total:!!Hispanic or Latino:!!White alone","Margin of Error!!Total:!!Hispanic or Latino:!!White alone","Estimate!!Total:!!Hispanic or Latino:!!Black or African American alone","Margin of Error!!Total:!!Hispanic or Latino:!!Black or African American alone","Estimate!!Total:!!Hispanic or Latino:!!American Indian and Alaska Native alone","Margin of Error!!Total:!!Hispanic or Latino:!!American Indian and Alaska Native alone","Estimate!!Total:!!Hispanic or Latino:!!Asian alone","Margin of Error!!Total:!!Hispanic or Latino:!!Asian alone","Estimate!!Total:!!Hispanic or Latino:!!Native Hawaiian and Other Pacific Islander alone","Margin of Error!!Total:!!Hispanic or Latino:!!Native Hawaiian and Other Pacific Islander alone","Estimate!!Total:!!Hispanic or Latino:!!Some other race alone","Margin of Error!!Total:!!Hispanic or Latino:!!Some other race alone","Estimate!!Total:!!Hispanic or Latino:!!Two or more races:","Margin of Error!!Total:!!Hispanic or Latino:!!Two or more races:","Estimate!!Total:!!Hispanic or Latino:!!Two or more races:!!Two races including Some other race","Margin of Error!!Total:!!Hispanic or Latino:!!Two or more races:!!Two races including Some other race","Estimate!!Total:!!Hispanic or Latino:!!Two or more races:!!Two races excluding Some other race, and three or more races","Margin of Error!!Total:!!Hispanic or Latino:!!Two or more races:!!Two races excluding Some other race, and three or more races",
"1400000US06075010101","Census Tract 101.01; San Francisco County; California","1911","285","1538","215","717","166","113","124","47","62","561","156","0","14","62","72","38","34","0","14","38","34","373","177","51","54","0","14","15","25","0","14","58","87","121","123","128","93","112","86","16","30",
"1400000US06075010102","Census Tract 101.02; San Francisco County; California","1917","339","1805","338","617","172","385","322","0","14","770","192","12","19","0","14","21","22","0","14","21","22","112","126","13","16","0","14","0","14","0","14","0","14","79","124","20","23","20","23","0","14",
"1400000US06075010201","Census Tract 102.01; San Francisco County; California","2650","532","2306","534","1711","472","153","114","55","66","189","86","0","14","10","16","188","152","9","14","179","151","344","230","83","71","0","14","0","14","0","14","0","14","15","27","246","222","190","151","56","82",
"1400000US06075010202","Census Tract 102.02; San Francisco County; California","1839","311","1788","323","1240","323","30","49","0","14","277","180","18","38","42","69","181","107","59","77","122","77","51","44","0","14","0","14","0","14","0","14","0","14","30","33","21","33","21","33","0","14",
"1400000US06075010300","Census Tract 103; San Francisco County; California","3824","551","3389","588","2238","458","0","14","0","14","925","319","0","14","141","222","85","70","16","26","69","65","435","212","45","51","0","14","75","121","0","14","0","14","15","25","300","179","300","179","0","14",
"1400000US06075010401","Census Tract 104.01; San Francisco County; California","2427","739","1960","401","1266","327","7","20","4","9","585","157","0","14","0","14","98","82","5","13","93","78","467","511","4","9","0","14","1","9","0","14","0","14","72","69","390","503","71","82","319","429",
"1400000US06075010402","Census Tract 104.02; San Francisco County; California","1924","254","1842","256","1292","234","31","39","0","14","431","139","0","14","14","23","74","84","0","14","74","84","82","76","0","14","0","14","0","14","0","14","0","14","27","51","55","57","55","57","0","14",
"1400000US06075010500","Census Tract 105; San Francisco County; California","3473","506","3349","512","1432","375","31","44","0","14","1760","417","0","14","0","14","126","121","24","99","102","72","124","76","43","46","0","14","0","14","0","14","0","14","53","59","28","31","19","28","9","15",
"1400000US06075010600","Census Tract 106; San Francisco County; California","2957","407","2567","375","787","202","104","68","0","14","1480","316","0","14","9","15","187","99","15","23","172","100","390","172","148","98","0","14","13","20","0","14","0","14","18","22","211","150","197","149","14","23",
"1400000US06075010701","Census Tract 107.01; San Francisco County; California","3021","616","2983","619","124","52","0","14","0","14","2784","623","0","14","15","23","60","65","0","14","60","65","38","44","25","39","0","14","0","14","0","14","0","14","13","20","0","14","0","14","0","14",
"1400000US06075010702","Census Tract 107.02; San Francisco County; California","1398","257","1190","224","415","121","0","14","0","14","707","189","0","14","0","14","68","45","10","17","58","43","208","160","8","14","0","14","37","58","0","14","0","14","163","113","0","14","0","14","0","14",
"1400000US06075010800","Census Tract 108; San Francisco County; California","4047","537","3776","565","1732","386","277","238","0","14","1446","342","0","14","91","86","230","190","65","87","165","166","271","129","52","60","0","14","0","14","0","14","0","14","147","109","72","78","0","14","72","78",
"1400000US06075010901","Census Tract 109.01; San Francisco County; California","2067","334","1786","271","1351","250","13","21","0","14","205","81","0","14","34","53","183","111","23","28","160","107","281","162","115","107","0","14","16","27","0","14","0","14","0","14","150","125","88","84","62","61",
"1400000US06075010902","Census Tract 109.02; San Francisco County; California","2589","528","2285","419","1563","374","0","14","0","14","571","226","0","14","0","14","151","163","15","25","136","156","304","185","146","154","0","14","0","14","0","14","0","14","55","58","103","86","103","86","0","14",
"1400000US06075011001","Census Tract 110.01; San Francisco County; California","2402","421","2260","407","1428","336","90","148","0","14","696","173","0","14","18","21","28","32","0","14","28","32","142","109","0","14","0","14","0","14","0","14","0","14","29","34","113","113","113","113","0","14",
"1400000US06075011002","Census Tract 110.02; San Francisco County; California","1992","449","1689","434","897","207","0","14","0","14","620","338","0","14","0","14","172","151","0","14","172","151","303","172","104","90","0","14","0","14","0","14","0","14","91","68","108","87","99","86","9","14",
"1400000US06075011101","Census Tract 111.01; San Francisco County; California","2477","413","2325","421","1083","263","76","58","0","14","1082","368","0","14","0","14","84","64","0","14","84","64","152","71","32","30","0","14","0","14","0","14","0","14","44","38","76","47","65","42","11","19",
"1400000US06075011102","Census Tract 111.02; San Francisco County; California","2207","436","1850","351","743","227","231","167","0","14","729","255","0","14","0","14","147","92","39","47","108","70","357","318","60","82","0","14","0","14","0","14","0","14","271","308","26","31","13","22","13","21",
"1400000US06075011200","Census Tract 112; San Francisco County; California","2676","392","2633","385","1319","250","68","79","0","14","1020","302","0","14","42","48","184","117","0","14","184","117","43","35","20","22","0","14","0","14","0","14","0","14","0","14","23","27","23","27","0","14",
"1400000US06075011300","Census Tract 113; San Francisco County; California","2589","473","2456","460","479","128","55","79","0","14","1856","496","0","14","0","14","66","47","0","14","66","47","133","113","77","99","0","14","0","14","3","6","0","14","43","53","10","17","10","17","0","14",
"1400000US06075011700","Census Tract 117; San Francisco County; California","1914","315","1579","303","855","199","27","32","0","14","568","186","0","14","0","14","129","129","0","14","129","129","335","160","7","13","0","14","19","29","0","14","0","14","121","106","188","114","139","118","49","69",
"1400000US06075011800","Census Tract 118; San Francisco County; California","1376","260","1300","261","84","47","20","24","0","14","1098","256","0","14","0","14","98","82","22","35","76","78","76","58","6","10","0","14","0","14","0","14","0","14","30","38","40","44","5","8","35","44",
"1400000US06075011901","Census Tract 119.01; San Francisco County; California","2022","300","1610","260","759","182","38","40","0","14","690","194","0","14","10","15","113","93","63","91","50","37","412","272","79","58","0","14","0","14","0","14","0","14","247","273","86","51","76","48","10","16",
"1400000US06075011902","Census Tract 119.02; San Francisco County; California","3032","641","2503","610","1074","312","54","40","5","8","1174","530","0","14","49","73","147","100","14","22","133","96","529","287","55","64","0","14","11","17","0","14","0","14","353","273","110","79","99","81","11","17",
"1400000US06075012001","Census Tract 120.01; San Francisco County; California","1746","488","1375","366","607","202","21","25","0","14","330","191","0","14","154","181","263","102","237","93","26","36","371","295","5","9","0","14","0","14","0","14","0","14","123","95","243","293","243","293","0","14",
"1400000US06075012002","Census Tract 120.02; San Francisco County; California","2126","377","1459","358","457","159","159","103","0","14","574","190","0","14","0","14","269","201","0","14","269","201","667","308","201","151","15","25","23","41","10","15","0","14","217","122","201","228","49","68","152","217",
"1400000US06075012100","Census Tract 121; San Francisco County; California","3203","399","2535","411","1348","363","46","29","0","14","870","268","0","14","6","8","265","138","46","74","219","109","668","274","204","221","26","39","4","8","20","36","0","14","211","162","203","132","196","131","7","11",
"1400000US06075012202","Census Tract 122.02; San Francisco County; California","2915","377","2411","345","1044","303","373","159","36","45","766","302","0","14","10","22","182","113","24","61","158","104","504","281","24","59","0","14","25","34","0","14","0","14","390","306","65","70","27","33","38","61",
"1400000US06075012203","Census Tract 122.03; San Francisco County; California","1524","386","1244","385","612","295","98","82","16","20","371","242","0","14","63","60","84","11","0","14","84","11","280","105","24","35","0","14","87","84","0","14","0","14","38","60","131","54","131","54","0","14",
"1400000US06075012204","Census Tract 122.04; San Francisco County; California","2571","554","2060","507","988","334","0","14","1","2","823","324","0","14","44","72","204","159","31","35","173","160","511","289","59","59","0","14","21","34","0","14","0","14","194","208","237","171","208","171","29","32",
"1400000US06075012301","Census Tract 123.01; San Francisco County; California","1924","382","1283","275","535","210","167","96","0","14","483","176","0","14","34","53","64","37","0","14","64","37","641","372","13","21","0","14","13","23","0","14","0","14","590","370","25","30","13","22","12","20",
"1400000US06075012302","Census Tract 123.02; San Francisco County; California","2700","266","2243","276","1034","200","195","93","16","18","832","208","0","14","61","98","105","74","59","49","46","55","457","131","71","93","38","58","23","35","0","14","0","14","168","85","157","122","123","111","34","40",
"1400000US06075012403","Census Tract 124.03; San Francisco County; California","2481","648","1476","492","339","154","82","49","0","14","866","423","0","14","137","212","52","40","0","14","52","40","1005","585","0","14","8","19","48","59","12","20","0","14","557","413","380","222","335","225","45","54",
"1400000US06075012404","Census Tract 124.04; San Francisco County; California","2714","453","1517","434","698","370","103","76","0","14","572","287","17","27","0","14","127","128","9","26","118","125","1197","382","86","77","71","114","70","87","61","92","0","14","807","350","102","106","76","105","26","38",
"1400000US06075012405","Census Tract 124.05; San Francisco County; California","3764","491","2907","478","1271","354","590","294","0","14","667","199","0","14","0","14","379","343","0","14","379","343","857","359","102","100","0","14","77","79","0","14","0","14","99","99","579","365","579","365","0","14",
"1400000US06075012406","Census Tract 124.06; San Francisco County; California","1529","254","1159","281","442","127","69","79","0","14","648","267","0","14","0","14","0","14","0","14","0","14","370","167","13","20","18","40","0","14","0","14","0","14","233","133","106","92","67","84","39","47",
"1400000US06075012502","Census Tract 125.02; San Francisco County; California","4517","696","3285","437","911","351","616","213","219","176","1371","361","18","38","15","31","135","118","67","108","68","65","1232","661","46","61","3","8","5","13","0","14","0","14","870","649","308","227","260","216","48","53",
"1400000US06075012503","Census Tract 125.03; San Francisco County; California","4772","558","3231","736","696","268","391","162","27","48","1956","703","0","14","0","14","161","136","0","14","161","136","1541","647","34","35","25","39","47","95","33","55","0","14","1074","549","328","236","328","236","0","14",
"1400000US06075012504","Census Tract 125.04; San Francisco County; California","693","220","472","142","121","81","58","57","16","27","239","148","0","14","0","14","38","34","0","14","38","34","221","188","0","14","0","14","0","14","0","14","0","14","28","34","193","186","193","186","0","14",
"1400000US06075012601","Census Tract 126.01; San Francisco County; California","2105","347","1972","335","1504","311","0","14","0","14","197","92","0","14","0","14","271","151","129","86","142","123","133","96","44","47","0","14","0","14","10","46","0","14","8","9","71","68","71","68","0","14",
"1400000US06075012602","Census Tract 126.02; San Francisco County; California","3071","477","2934","452","2508","438","8","15","0","14","212","99","0","14","15","26","191","124","9","16","182","122","137","79","28","35","0","14","0","14","0","14","0","14","10","16","99","67","89","66","10","15",
"1400000US06075012700","Census Tract 127; San Francisco County; California","4027","674","3820","664","3342","613","35","57","0","14","251","184","0","14","0","14","192","147","50","45","142","132","207","255","0","14","0","14","0","14","0","14","0","14","0","14","207","255","207","255","0","14",
"1400000US06075012801","Census Tract 128.01; San Francisco County; California","2568","578","2149","384","1937","369","20","27","0","14","113","85","16","27","33","56","30","42","0","14","30","42","419","484","76","62","0","14","0","14","0","14","0","14","35","54","308","437","308","437","0","14",
"1400000US06075012802","Census Tract 128.02; San Francisco County; California","1855","334","1617","368","1203","381","3","13","0","14","390","153","0","14","0","14","21","28","0","14","21","28","238","143","15","22","0","14","0","14","0","14","0","14","75","76","148","116","148","116","0","14",
"1400000US06075012901","Census Tract 129.01; San Francisco County; California","2830","579","2510","547","1882","567","3","5","0","14","464","217","0","14","0","14","161","62","9","15","152","62","320","158","98","78","0","14","1","7","0","14","0","14","28","25","193","134","173","138","20","23",
"1400000US06075012902","Census Tract 129.02; San Francisco County; California","2589","366","2417","349","1751","366","18","31","0","14","436","224","90","96","54","77","68","55","27","30","41","47","172","82","59","59","0","14","0","14","0","14","0","14","28","32","85","54","49","46","36","32",
"1400000US06075013001","Census Tract 130.01; San Francisco County; California","1427","250","1335","246","1132","228","7","13","4","8","120","61","0","14","0","14","72","64","28","46","44","47","92","75","33","63","0","14","0","14","8","18","0","14","51","55","0","14","0","14","0","14",
"1400000US06075013002","Census Tract 130.02; San Francisco County; California","2843","650","2652","644","2035","494","0","14","45","51","331","189","0","14","0","14","241","252","0","14","241","252","191","133","55","68","0","14","0","14","0","14","0","14","0","14","136","118","120","116","16","26",
"1400000US06075013101","Census Tract 131.01; San Francisco County; California","3768","544","3498","533","2056","459","48","61","0","14","1254","523","0","14","0","14","140","84","0","14","140","84","270","165","13","22","0","14","0","14","71","111","0","14","20","25","166","117","96","90","70","61",
"1400000US06075013102","Census Tract 131.02; San Francisco County; California","2550","456","2131","408","1534","351","101","104","0","14","317","135","0","14","6","8","173","80","35","58","138","77","419","206","170","113","0","14","0","14","0","14","0","14","92","67","157","163","139","161","18","29",
"1400000US06075013200","Census Tract 132; San Francisco County; California","3481","557","3286","537","2412","417","1","2","0","14","540","288","0","14","17","26","316","189","153","189","163","98","195","150","81","87","0","14","0","14","0","14","0","14","1","2","113","117","113","117","0","14",
"1400000US06075013300","Census Tract 133; San Francisco County; California","3952","451","3757","456","2592","494","64","42","0","14","901","303","0","14","24","39","176","92","38","37","138","81","195","85","31","28","0","14","0","14","0","14","0","14","16","18","148","78","115","62","33","38",
"1400000US06075013401","Census Tract 134.01; San Francisco County; California","1390","295","1309","286","908","211","3","8","3","8","159","76","0","14","25","20","211","196","17","27","194","194","81","67","7","10","0","14","0","14","0","14","0","14","9","14","65","63","61","63","4","8",
"1400000US06075013402","Census Tract 134.02; San Francisco County; California","2420","400","2299","388","1429","349","100","110","2","5","668","229","0","14","0","14","100","74","0","14","100","74","121","84","39","40","0","14","0","14","0","14","0","14","55","68","27","23","21","24","6","11",
"1400000US06075013500","Census Tract 135; San Francisco County; California","2807","331","2406","304","1995","301","0","14","0","14","266","90","0","14","0","14","145","83","9","15","136","81","401","179","140","140","0","14","0","14","27","43","0","14","32","53","202","120","71","54","131","114",
"1400000US06075015100","Census Tract 151; San Francisco County; California","2641","423","2503","419","1229","255","144","108","5","10","939","268","0","14","7","12","179","101","10","14","169","98","138","85","70","47","0","14","0","14","0","14","0","14","10","18","58","59","17","21","41","54",
"1400000US06075015201","Census Tract 152.01; San Francisco County; California","1615","203","1525","208","773","213","173","107","0","14","506","178","0","14","0","14","73","55","46","38","27","32","90","35","61","22","0","14","0","14","0","14","0","14","15","27","14","19","14","19","0","14",
"1400000US06075015202","Census Tract 152.02; San Francisco County; California","2413","631","2286","631","1212","291","404","561","0","14","577","201","0","14","0","14","93","52","0","14","93","52","127","112","26","33","0","14","0","14","0","14","0","14","0","14","101","104","59","55","42","51",
"1400000US06075015300","Census Tract 153; San Francisco County; California","2377","414","2075","306","1546","287","185","134","0","14","211","103","0","14","0","14","133","74","19","23","114","72","302","158","45","56","0","14","61","54","0","14","0","14","40","39","156","142","156","142","0","14",
"1400000US06075015401","Census Tract 154.01; San Francisco County; California","3205","380","2927","393","1642","299","28","30","0","14","1098","293","0","14","17","27","142","116","15","24","127","103","278","192","32","41","5","9","0","14","0","14","0","14","67","56","174","165","155","161","19","22",
"1400000US06075015402","Census Tract 154.02; San Francisco County; California","2688","575","2165","322","1640","349","40","67","0","14","398","234","0","14","0","14","87","81","50","77","37","37","523","508","161","185","0","14","16","23","26","40","0","14","102","120","218","213","207","212","11","17",
"1400000US06075015500","Census Tract 155; San Francisco County; California","4011","517","3561","413","1757","450","137","136","0","14","1575","391","0","14","51","82","41","45","9","16","32","42","450","306","58","87","0","14","0","14","0","14","0","14","262","280","130","104","130","104","0","14",
"1400000US06075015600","Census Tract 156; San Francisco County; California","2964","501","2746","479","1180","262","151","89","5","6","1151","373","0","14","8","13","251","109","36","40","215","100","218","112","82","79","0","14","0","14","11","18","0","14","73","67","52","46","52","46","0","14",
"1400000US06075015701","Census Tract 157.01; San Francisco County; California","4777","488","4147","501","2323","534","141","87","0","14","1334","212","0","14","0","14","349","132","26","28","323","132","630","157","151","71","18","25","0","14","110","90","0","14","167","98","184","97","146","99","38","42",
"1400000US06075015702","Census Tract 157.02; San Francisco County; California","3080","676","2793","682","1655","254","65","64","0","14","458","164","0","14","469","627","146","77","29","33","117","69","287","116","74","64","8","14","0","14","0","14","0","14","121","103","84","58","69","53","15","23",
"1400000US06075015801","Census Tract 158.01; San Francisco County; California","3384","483","2903","471","1126","231","640","349","0","14","919","190","0","14","0","14","218","106","34","38","184","108","481","191","37","42","132","183","0","14","0","14","0","14","124","152","188","111","188","111","0","14",
"1400000US06075015802","Census Tract 158.02; San Francisco County; California","3095","519","2773","492","1566","315","184","108","0","14","531","157","0","14","41","52","451","216","0","14","451","216","322","164","44","41","0","14","0","14","0","14","0","14","169","152","109","65","82","51","27","42",
"1400000US06075015900","Census Tract 159; San Francisco County; California","4861","853","3877","729","1502","564","576","422","0","14","1519","402","0","14","84","97","196","137","0","14","196","137","984","701","37","42","0","14","463","572","0","14","0","14","324","280","160","96","139","89","21","33",
"1400000US06075016000","Census Tract 160; San Francisco County; California","2892","538","2446","507","903","177","201","101","5","18","986","281","0","14","6","9","345","426","0","14","345","426","446","223","61","42","0","14","0","14","0","14","0","14","290","218","95","55","95","55","0","14",
"1400000US06075016101","Census Tract 161.01; San Francisco County; California","2426","506","2390","506","943","271","183","127","0","14","984","517","0","14","0","14","280","132","36","40","244","131","36","35","14","24","10","17","0","14","0","14","0","14","0","14","12","16","2","5","10","15",
"1400000US06075016102","Census Tract 161.02; San Francisco County; California","2989","494","2655","473","186","242","1013","274","0","14","1005","403","296","269","0","14","155","160","0","14","155","160","334","219","16","23","168","198","0","14","36","46","0","14","0","14","114","98","114","98","0","14",
"1400000US06075016200","Census Tract 162; San Francisco County; California","3209","583","2838","629","1489","422","135","121","13","21","841","409","3","13","211","199","146","107","30","35","116","109","371","228","42","48","0","14","0","14","0","14","0","14","142","142","187","170","187","170","0","14",
"1400000US06075016300","Census Tract 163; San Francisco County; California","3925","583","3360","589","2258","505","444","258","0","14","514","229","0","14","29","64","115","89","46","73","69","53","565","248","79","119","0","14","0","14","0","14","0","14","45","39","441","257","105","116","336","224",
"1400000US06075016400","Census Tract 164; San Francisco County; California","3571","656","3263","683","2223","630","257","97","0","14","647","199","0","14","8","13","128","84","18","20","110","82","308","143","42","40","0","14","0","14","45","64","0","14","80","69","141","101","118","71","23","39",
"1400000US06075016500","Census Tract 165; San Francisco County; California","5206","674","4483","554","3360","462","241","198","54","88","358","147","0","19","77","117","393","237","17","27","376","240","723","387","83","99","0","19","167","251","0","19","0","19","63","62","410","235","293","205","117","115",
"1400000US06075016601","Census Tract 166.01; San Francisco County; California","2836","484","2713","482","2030","497","110","100","0","14","403","130","0","14","0","14","170","77","21","29","149","73","123","69","6","17","0","14","0","14","0","14","0","14","54","55","63","63","52","50","11","23",
"1400000US06075016602","Census Tract 166.02; San Francisco County; California","1912","422","1686","387","1237","316","166","170","0","14","89","62","0","14","0","14","194","119","27","40","167","98","226","111","96","75","10","16","47","51","0","14","0","14","10","18","63","64","52","61","11","18",
"1400000US06075016700","Census Tract 167; San Francisco County; California","4852","761","4458","760","2932","695","42","59","44","63","952","377","0","14","16","25","472","233","111","96","361","201","394","177","35","50","0","14","0","14","0","14","0","14","27","32","332","168","332","168","0","14",
"1400000US06075016801","Census Tract 168.01; San Francisco County; California","4223","472","3121","481","1704","378","230","153","5","7","833","316","36","50","21","44","292","128","14","23","278","130","1102","417","255","117","11","17","0","14","0","14","0","14","230","155","606","349","571","349","35","47",
"1400000US06075016802","Census Tract 168.02; San Francisco County; California","3943","677","3595","691","2049","578","196","112","0","14","789","251","153","88","52","48","356","245","17","27","339","244","348","154","57","58","14","20","0","14","0","14","0","14","147","116","130","101","60","60","70","86",
"1400000US06075016900","Census Tract 169; San Francisco County; California","2889","469","2654","455","2034","446","32","37","0","14","376","112","15","25","62","50","135","70","17","26","118","60","235","109","88","64","0","14","24","37","0","14","0","14","53","49","70","69","70","69","0","14",
"1400000US06075017000","Census Tract 170; San Francisco County; California","4061","536","3719","520","2753","510","76","64","0","14","578","222","0","14","56","87","256","167","179","147","77","71","342","166","96","77","0","14","0","14","0","14","0","14","47","48","199","122","199","122","0","14",
"1400000US06075017101","Census Tract 171.01; San Francisco County; California","4003","561","3725","574","2595","506","36","43","0","14","517","237","0","14","14","22","563","192","127","124","436","163","278","123","47","40","0","14","18","25","0","14","0","14","0","14","213","102","174","99","39","34",
"1400000US06075017102","Census Tract 171.02; San Francisco County; California","3165","368","2753","342","2216","324","39","35","4","6","283","116","0","14","21","24","190","93","0","14","190","93","412","137","80","52","8","13","10","16","26","40","0","14","126","76","162","105","118","88","44","61",
"1400000US06075017602","Census Tract 176.02; San Francisco County; California","3560","850","3349","856","979","335","639","613","10","13","1480","530","0","14","68","67","173","93","56","78","117","53","211","165","14","22","0","14","51","100","0","14","0","14","41","40","105","142","105","142","0","14",
"1400000US06075017603","Census Tract 176.03; San Francisco County; California","4964","607","3971","677","1301","335","433","204","0","14","1935","598","90","109","0","14","212","136","14","23","198","130","993","529","189","149","0","14","421","522","0","14","0","14","144","142","239","142","231","139","8","22",
"1400000US06075017604","Census Tract 176.04; San Francisco County; California","3965","401","3076","335","921","261","432","209","13","31","1544","392","59","68","35","53","72","70","0","14","72","70","889","387","37","45","0","14","0","14","0","14","0","14","726","402","126","87","103","81","23","39",
"1400000US06075017700","Census Tract 177; San Francisco County; California","2946","349","1876","344","884","294","55","65","0","14","827","362","0","14","0","14","110","49","23","23","87","42","1070","392","135","100","0","14","54","80","0","14","0","14","747","409","134","73","134","73","0","14",
"1400000US06075017801","Census Tract 178.01; San Francisco County; California","3019","383","2830","353","463","168","34","30","23","33","2247","385","0","14","60","55","3","6","0","14","3","6","189","125","31","38","0","14","0","14","0","14","0","14","33","39","125","117","84","93","41","50",
"1400000US06075017803","Census Tract 178.03; San Francisco County; California","2415","484","2102","496","676","258","348","175","0","14","969","439","6","15","23","32","80","72","16","24","64","60","313","130","28","37","0","14","0","14","0","14","0","14","153","75","132","68","132","68","0","14",
"1400000US06075017804","Census Tract 178.04; San Francisco County; California","4380","596","3671","564","1555","410","359","228","18","50","1561","404","0","14","0","14","178","117","0","14","178","117","709","309","32","43","0","14","22","37","130","132","0","14","273","211","252","154","157","118","95","99",
"1400000US06075017903","Census Tract 179.03; San Francisco County; California","2429","417","1651","401","710","325","429","180","0","14","150","95","0","14","33","93","329","216","30","44","299","216","778","305","129","133","14","22","39","38","0","14","0","14","309","170","287","236","269","237","18","26",
"1400000US06075018000","Census Tract 180; San Francisco County; California","3492","639","2568","445","1092","309","235","143","11","28","1029","320","12","23","34","35","155","138","11","50","144","128","924","536","191","193","0","14","0","14","0","14","0","14","152","102","581","506","566","505","15","25",
"1400000US06075020101","Census Tract 201.01; San Francisco County; California","3943","655","2716","376","1350","338","233","145","22","30","789","234","0","14","10","15","312","190","16","25","296","188","1227","594","25","29","0","14","52","61","0","14","0","14","676","531","474","224","474","224","0","14",
"1400000US06075020102","Census Tract 201.02; San Francisco County; California","3463","874","2010","584","954","614","272","126","38","104","623","200","0","14","50","41","73","81","0","14","73","81","1453","451","27","44","0","14","19","40","0","14","0","14","959","520","448","274","335","236","113","106",
"1400000US06075020201","Census Tract 202.01; San Francisco County; California","1905","369","1270","219","862","185","49","53","0","14","299","122","0","14","10","17","50","50","0","14","50","50","635","290","52","45","8","12","10","26","0","14","0","14","423","286","142","94","112","85","30","34",
"1400000US06075020202","Census Tract 202.02; San Francisco County; California","3979","529","3305","466","1492","398","407","240","0","14","803","272","0","14","72","76","531","264","0","14","531","264","674","242","99","105","50","72","13","22","0","14","0","14","276","111","236","175","177","156","59","73",
"1400000US06075020300","Census Tract 203; San Francisco County; California","3419","507","3080","506","1965","503","79","72","0","14","690","183","0","14","38","42","308","118","73","77","235","84","339","127","20","21","0","14","25","24","0","14","0","14","117","86","177","114","130","94","47","42",
"1400000US06075020401","Census Tract 204.01; San Francisco County; California","3400","358","3068","316","2154","269","69","54","48","54","529","181","11","14","0","14","257","124","85","94","172","76","332","144","102","93","0","14","0","14","0","14","0","14","27","27","203","117","170","125","33","41",
"1400000US06075020402","Census Tract 204.02; San Francisco County; California","4061","481","3346","442","2277","323","86","112","0","14","748","216","0","14","25","43","210","142","0","14","210","142","715","313","90","75","0","14","9","20","0","14","0","14","159","135","457","278","306","227","151","153",
"1400000US06075020500","Census Tract 205; San Francisco County; California","2789","453","2566","445","1940","429","59","60","8","9","338","137","0","14","0","14","221","98","100","78","121","61","223","101","101","65","0","14","0","14","11","17","0","14","71","79","40","35","40","35","0","14",
"1400000US06075020601","Census Tract 206.01; San Francisco County; California","3007","504","2699","457","1642","449","61","63","0","14","783","256","0","14","20","32","193","97","48","50","145","89","308","166","41","46","0","14","0","14","28","43","0","14","104","109","135","130","135","130","0","14",
"1400000US06075020602","Census Tract 206.02; San Francisco County; California","2379","445","2204","461","1658","466","68","67","0","14","237","136","0","14","39","58","202","126","30","46","172","116","175","95","68","55","0","14","0","14","19","33","0","14","45","59","43","51","43","51","0","14",
"1400000US06075020701","Census Tract 207.01; San Francisco County; California","3357","591","2953","608","1924","451","146","106","0","14","524","201","0","14","0","14","359","205","86","108","273","164","404","161","63","52","0","14","0","14","0","14","0","14","105","65","236","134","207","127","29","45",
"1400000US06075020702","Census Tract 207.02; San Francisco County; California","1995","243","1655","244","1233","217","25","29","0","14","349","196","0","14","0","14","48","40","11","19","37","35","340","187","42","71","0","14","7","11","0","14","0","14","127","131","164","95","125","75","39","39",
"1400000US06075020801","Census Tract 208.01; San Francisco County; California","3767","762","1978","299","1046","215","154","192","29","20","408","130","0","14","33","57","308","173","0","14","308","173","1789","696","48","40","0","14","16","15","0","14","0","14","975","334","750","630","738","631","12","18",
"1400000US06075020802","Census Tract 208.02; San Francisco County; California","2188","450","1322","271","609","168","19","28","0","14","560","211","0","14","0","14","134","89","21","34","113","85","866","432","61","62","0","14","7","14","0","14","0","14","646","402","152","116","152","116","0","14",
"1400000US06075020900","Census Tract 209; San Francisco County; California","3746","727","2004","420","1134","383","38","53","0","14","612","173","0","14","7","13","213","121","79","74","134","94","1742","627","88","74","0","14","33","34","0","14","0","14","1163","609","458","221","233","131","225","163",
"1400000US06075021000","Census Tract 210; San Francisco County; California","3609","647","3133","641","2261","577","28","48","0","14","585","235","0","14","11","51","248","138","46","54","202","121","476","222","60","57","0","14","35","43","0","14","0","14","112","91","269","200","251","194","18","28",
"1400000US06075021100","Census Tract 211; San Francisco County; California","4086","405","3705","358","2705","341","0","14","0","14","612","169","0","14","0","14","388","163","62","45","326","136","381","178","130","85","10","18","0","14","16","18","0","14","62","49","163","156","109","85","54","76",
"1400000US06075021200","Census Tract 212; San Francisco County; California","2917","364","2530","383","1666","344","7","8","2","5","356","147","0","14","1","3","498","142","74","57","424","126","387","149","67","44","0","14","31","33","7","11","0","14","35","30","247","120","144","70","103","100",
"1400000US06075021300","Census Tract 213; San Francisco County; California","2427","448","2304","447","1555","358","80","106","4","7","280","126","0","14","0","14","385","185","60","51","325","168","123","71","24","28","0","14","32","52","0","14","0","14","21","24","46","37","31","29","15","23",
"1400000US06075021400","Census Tract 214; San Francisco County; California","3460","382","3044","408","2306","392","0","14","0","14","502","234","0","14","34","38","202","99","27","31","175","98","416","181","79","65","21","33","46","57","0","14","0","14","83","95","187","106","142","76","45","41",
"1400000US06075021500","Census Tract 215; San Francisco County; California","5181","685","4236","720","2621","503","102","91","0","19","1192","537","0","19","0","19","321","188","51","63","270","179","945","255","52","52","23","39","0","19","0","19","0","19","169","131","701","266","648","265","53","55",
"1400000US06075021600","Census Tract 216; San Francisco County; California","4531","572","3988","535","2367","409","233","242","0","14","1036","334","11","18","26","40","315","215","92","97","223","192","543","361","31","37","0","14","0","14","0","14","0","14","276","299","236","180","196","165","40","46",
"1400000US06075021700","Census Tract 217; San Francisco County; California","4432","643","3883","627","2048","451","355","161","28","29","818","210","0","14","23","36","611","271","17","21","594","271","549","192","51","41","0","14","0","14","9","15","0","14","361","213","128","97","110","80","18","32",
"1400000US06075021800","Census Tract 218; San Francisco County; California","4208","502","3735","486","2662","358","46","34","0","14","605","218","0","14","38","40","384","166","69","78","315","135","473","151","86","71","0","14","27","39","0","14","0","14","106","99","254","100","217","89","37","32",
"1400000US06075022600","Census Tract 226; San Francisco County; California","4452","435","3974","447","1957","356","74","62","0","14","1519","223","20","34","42","61","362","200","16","21","346","197","478","188","85","61","0","14","0","14","0","14","0","14","237","142","156","92","100","57","56","59",
"1400000US06075022702","Census Tract 227.02; San Francisco County; California","1960","374","1681","382","841","204","1","2","2","3","605","276","0","14","28","46","204","130","45","61","159","115","279","143","48","57","0","14","0","14","0","14","0","14","98","68","133","99","128","99","5","9",
"1400000US06075022704","Census Tract 227.04; San Francisco County; California","4026","527","3533","401","1946","309","108","79","0","14","1037","249","0","14","30","38","412","137","72","62","340","111","493","374","24","27","10","16","0","14","0","14","0","14","318","353","141","104","112","101","29","27",
"1400000US06075022801","Census Tract 228.01; San Francisco County; California","4765","944","3338","886","1774","384","780","754","0","14","523","200","28","54","52","58","181","121","30","37","151","109","1427","574","139","138","0","14","325","315","15","23","0","14","578","305","370","342","304","331","66","100",
"1400000US06075022802","Census Tract 228.02; San Francisco County; California","2103","255","1479","248","1003","256","105","56","16","43","267","146","1","3","0","14","87","53","11","15","76","50","624","156","25","27","1","4","5","7","0","14","0","14","270","102","323","176","242","148","81","101",
"1400000US06075022803","Census Tract 228.03; San Francisco County; California","4117","627","2466","398","1281","268","129","95","0","14","634","261","0","14","152","159","270","138","54","85","216","108","1651","510","130","99","0","14","0","14","0","14","0","14","1257","472","264","181","225","176","39","44",
"1400000US06075022901","Census Tract 229.01; San Francisco County; California","4542","646","1729","382","1089","381","62","87","0","14","429","168","0","14","14","23","135","84","0","14","135","84","2813","734","106","81","24","38","182","273","0","14","0","14","1774","788","727","425","636","404","91","68",
"1400000US06075022902","Census Tract 229.02; San Francisco County; California","1891","255","1225","189","568","170","139","195","20","29","322","144","0","14","24","36","152","82","41","59","111","73","666","182","141","93","0","14","0","14","0","14","0","14","327","152","198","93","188","93","10","11",
"1400000US06075022903","Census Tract 229.03; San Francisco County; California","2798","543","2134","400","1226","285","85","73","54","85","408","171","0","14","17","27","344","206","9","15","335","206","664","281","162","146","0","14","0","14","0","14","0","14","274","174","228","140","192","127","36","55",
"1400000US06075023001","Census Tract 230.01; San Francisco County; California","5108","785","4333","761","529","317","302","171","15","24","3341","612","0","19","0","19","146","139","101","132","45","51","775","316","34","34","0","19","119","181","0","19","0","19","482","228","140","150","140","150","0","19",
"1400000US06075023003","Census Tract 230.03; San Francisco County; California","3812","447","3257","437","439","121","324","187","0","14","2287","419","25","44","0","14","182","111","21","31","161","107","555","324","0","14","0","14","0","14","0","14","0","14","374","234","181","245","181","245","0","14",
"1400000US06075023102","Census Tract 231.02; San Francisco County; California","3231","709","2137","456","36","58","1291","399","0","14","378","226","0","14","0","14","432","276","55","49","377","276","1094","634","99","112","279","413","0","14","0","14","0","14","638","422","78","73","68","71","10","17",
"1400000US06075023103","Census Tract 231.03; San Francisco County; California","4545","645","3453","690","56","108","2145","629","0","14","598","320","413","267","0","14","241","158","50","85","191","140","1092","455","0","14","94","154","48","90","36","55","86","118","639","352","189","147","171","151","18","32",
"1400000US06075023200","Census Tract 232; San Francisco County; California","3570","739","2446","716","308","171","808","346","0","14","1166","671","8","14","8","14","148","112","57","94","91","73","1124","371","156","246","0","14","8","15","2","6","0","14","879","258","79","80","62","75","17","22",
"1400000US06075023300","Census Tract 233; San Francisco County; California","3818","517","3119","474","394","120","398","251","0","14","2083","438","0","14","17","28","227","130","18","26","209","128","699","221","134","100","21","33","0","14","12","19","0","14","447","231","85","70","37","41","48","56",
"1400000US06075023400","Census Tract 234; San Francisco County; California","3536","794","2385","715","114","70","905","346","5","8","955","543","5","12","15","28","386","306","20","34","366","292","1151","295","11","18","0","14","0","14","16","28","0","14","812","246","312","212","269","201","43","52",
"1400000US06075025100","Census Tract 251; San Francisco County; California","3504","580","2846","373","1875","319","55","35","18","17","716","363","0","14","7","10","175","80","0","14","175","80","658","326","216","234","0","14","0","14","18","20","23","33","186","136","215","194","198","182","17","32",
"1400000US06075025200","Census Tract 252; San Francisco County; California","5415","686","4390","600","3228","462","74","73","0","19","532","252","0","19","0","19","556","358","40","48","516","349","1025","513","4","12","0","19","0","19","0","19","0","19","375","249","646","457","646","457","0","19",
"1400000US06075025300","Census Tract 253; San Francisco County; California","4302","931","2807","267","2018","181","55","53","34","44","378","116","0","14","14","22","308","223","57","37","251","219","1495","736","148","134","0","14","11","17","0","14","0","14","1087","736","249","105","240","102","9","15",
"1400000US06075025401","Census Tract 254.01; San Francisco County; California","3567","674","2824","623","1529","307","137","128","0","14","296","131","0","14","24","36","838","537","109","86","729","523","743","311","291","270","10","17","9","16","0","14","0","14","226","184","207","133","157","115","50","64",
"1400000US06075025402","Census Tract 254.02; San Francisco County; California","2901","712","2013","327","1284","264","54","46","0","14","455","107","0","14","16","16","204","113","7","12","197","113","888","687","21","21","15","21","11","15","0","14","0","14","773","682","68","59","68","59","0","14",
"1400000US06075025403","Census Tract 254.03; San Francisco County; California","4410","649","2814","568","1079","212","246","213","5","8","1242","480","0","14","0","14","242","113","27","39","215","112","1596","321","112","90","0","14","28","35","0","14","0","14","582","432","874","392","868","391","6","9",
"1400000US06075025501","Census Tract 255.01; San Francisco County; California","4235","1414","2491","743","476","178","78","96","10","16","1498","493","11","20","196","265","222","138","28","20","194","141","1744","929","79","86","0","14","0","14","0","14","0","14","1379","978","286","270","167","245","119","78",
"1400000US06075025502","Census Tract 255.02; San Francisco County; California","3739","624","2486","452","832","192","58","49","8","10","1314","409","58","53","0","14","216","131","50","56","166","125","1253","530","238","242","0","14","0","14","0","14","0","14","556","347","459","226","244","135","215","203",
"1400000US06075025600","Census Tract 256; San Francisco County; California","5419","673","3949","633","839","192","116","136","0","19","2811","664","39","52","19","21","125","105","0","19","125","105","1470","427","295","229","0","19","0","19","128","135","0","19","872","465","175","139","47","58","128","121",
"1400000US06075025701","Census Tract 257.01; San Francisco County; California","4604","929","3930","935","457","170","106","66","0","14","3235","875","0","14","19","25","113","70","0","14","113","70","674","250","226","126","0","14","0","14","0","14","0","14","360","230","88","78","88","78","0","14",
"1400000US06075025702","Census Tract 257.02; San Francisco County; California","4545","570","3446","442","347","97","2","3","0","14","2923","403","0","14","38","60","136","124","31","48","105","112","1099","392","527","442","43","67","0","14","18","31","0","14","307","292","204","184","204","184","0","14",
"1400000US06075025800","Census Tract 258; San Francisco County; California","1603","374","1474","372","107","57","75","78","0","14","1201","369","0","14","11","17","80","48","21","22","59","48","129","81","33","39","21","31","0","14","0","14","0","14","0","14","75","89","75","89","0","14",
"1400000US06075025900","Census Tract 259; San Francisco County; California","4034","566","3285","360","760","213","112","80","0","14","2206","368","0","14","0","14","207","147","35","40","172","134","749","406","23","25","0","14","0","14","46","72","0","14","606","400","74","55","52","47","22","26",
"1400000US06075026001","Census Tract 260.01; San Francisco County; California","5625","945","3670","905","802","276","55","47","0","19","2585","846","11","33","186","220","31","41","14","26","17","29","1955","508","89","92","179","247","156","218","22","37","0","19","863","401","646","287","543","278","103","100",
"1400000US06075026002","Census Tract 260.02; San Francisco County; California","3641","389","2547","328","986","159","146","143","30","49","1194","315","0","14","0","14","191","130","18","24","173","117","1094","278","88","66","37","49","10","19","0","14","0","14","557","202","402","189","367","190","35","40",
"1400000US06075026003","Census Tract 260.03; San Francisco County; California","4639","639","2808","486","453","200","70","76","0","14","2057","421","0","14","0","14","228","136","57","89","171","124","1831","588","221","184","7","13","66","74","0","14","0","14","1019","441","518","303","349","271","169","157",
"1400000US06075026004","Census Tract 260.04; San Francisco County; California","3840","421","2512","360","734","234","35","59","0","14","1570","340","52","71","0","14","121","97","0","14","121","97","1328","362","63","50","332","365","77","89","0","14","0","14","422","174","434","277","403","283","31","39",
"1400000US06075026100","Census Tract 261; San Francisco County; California","6811","906","4981","855","488","159","0","19","0","19","4324","824","0","19","0","19","169","169","0","19","169","169","1830","458","50","56","0","19","118","162","109","104","28","45","1129","452","396","219","368","218","28","38",
"1400000US06075026201","Census Tract 262.01; San Francisco County; California","3856","496","3177","513","300","171","6","11","0","14","2742","585","0","14","96","94","33","33","10","15","23","29","679","266","66","57","2","6","0","14","0","14","19","31","526","254","66","52","59","50","7","13",
"1400000US06075026202","Census Tract 262.02; San Francisco County; California","3706","635","2955","647","316","102","37","38","0","14","2595","642","7","14","0","14","0","14","0","14","0","14","751","242","166","133","9","16","63","97","71","83","0","14","164","129","278","146","267","145","11","18",
"1400000US06075026301","Census Tract 263.01; San Francisco County; California","5019","755","3837","735","654","317","43","66","0","19","2958","626","46","71","46","71","90","106","0","19","90","106","1182","311","123","105","0","19","0","19","0","19","0","19","647","419","412","230","412","230","0","19",
"1400000US06075026302","Census Tract 263.02; San Francisco County; California","4302","572","2955","474","444","202","166","119","53","82","2204","479","9","16","30","36","49","40","0","14","49","40","1347","288","50","48","0","14","10","15","25","41","0","14","887","282","375","210","307","182","68","59",
"1400000US06075026303","Census Tract 263.03; San Francisco County; California","4600","636","3792","538","440","233","20","10","19","36","3254","509","14","29","0","14","45","40","27","33","18","22","808","453","57","78","0","14","16","26","21","33","0","14","270","344","444","333","368","296","76","71",
"1400000US06075026401","Census Tract 264.01; San Francisco County; California","3194","498","2580","396","178","129","340","115","0","14","1873","402","94","124","0","14","95","123","0","14","95","123","614","224","122","188","0","14","25","38","0","14","0","14","305","169","162","106","147","106","15","24",
"1400000US06075026402","Census Tract 264.02; San Francisco County; California","4660","1346","3969","1330","966","945","208","127","10","17","2572","748","45","53","0","14","168","102","0","14","168","102","691","298","46","52","0","14","0","14","30","47","0","14","395","288","220","156","220","156","0","14",
"1400000US06075026403","Census Tract 264.03; San Francisco County; California","3685","594","2809","633","166","149","10","19","0","14","2544","589","0","14","0","14","89","90","7","14","82","89","876","413","107","117","228","210","0","14","31","53","0","14","422","307","88","127","88","127","0","14",
"1400000US06075026404","Census Tract 264.04; San Francisco County; California","2422","294","1941","268","164","95","177","86","0","14","1518","280","0","14","3","5","79","64","7","12","72","63","481","136","0","14","0","14","0","14","0","14","0","14","351","174","130","127","130","127","0","14",
"1400000US06075030101","Census Tract 301.01; San Francisco County; California","4389","666","3911","713","1884","336","93","122","46","56","1477","569","10","20","107","97","294","174","0","14","294","174","478","169","104","85","0","14","3","9","3","7","0","14","56","55","312","160","306","160","6","10",
"1400000US06075030102","Census Tract 301.02; San Francisco County; California","5120","413","4667","416","2544","504","224","157","0","19","1418","431","0","19","21","34","460","244","68","55","392","246","453","185","104","88","64","66","0","19","15","27","0","19","90","60","180","108","139","87","41","67",
"1400000US06075030201","Census Tract 302.01; San Francisco County; California","3841","649","3127","400","1892","382","25","30","0","14","1036","206","0","14","62","84","112","87","0","14","112","87","714","503","159","154","0","14","0","14","0","14","0","14","445","479","110","73","88","71","22","23",
"1400000US06075030202","Census Tract 302.02; San Francisco County; California","4082","614","3806","625","1918","439","65","55","0","14","1341","421","0","14","62","143","420","230","21","37","399","208","276","137","74","60","0","14","0","14","0","14","0","14","102","100","100","74","69","56","31","49",
"1400000US06075030301","Census Tract 303.01; San Francisco County; California","6160","745","5382","736","2554","575","115","118","0","19","2419","561","0","19","0","19","294","160","137","105","157","121","778","402","148","154","0","19","0","19","0","19","0","19","60","66","570","385","466","371","104","84",
"1400000US06075030302","Census Tract 303.02; San Francisco County; California","3552","398","3308","412","1307","344","71","77","9","13","1650","332","0","14","50","63","221","107","13","20","208","109","244","131","74","79","11","15","0","14","11","16","0","14","70","64","78","70","66","69","12","22",
"1400000US06075030400","Census Tract 304; San Francisco County; California","5116","523","4385","544","1585","245","51","47","0","19","2448","423","0","19","50","53","251","114","51","63","200","97","731","402","85","66","0","19","18","27","31","46","0","19","363","371","234","204","170","195","64","61",
"1400000US06075030500","Census Tract 305; San Francisco County; California","3641","393","3023","429","1610","328","312","190","3","10","924","196","0","14","12","19","162","91","31","35","131","84","618","235","86","85","9","22","0","14","0","14","0","14","173","125","350","224","325","220","25","28",
"1400000US06075030600","Census Tract 306; San Francisco County; California","2258","318","2074","277","1140","176","27","36","0","14","605","127","0","14","0","14","302","110","71","52","231","99","184","124","56","56","0","14","0","14","8","15","0","14","18","18","102","95","102","95","0","14",
"1400000US06075030700","Census Tract 307; San Francisco County; California","6624","586","5771","582","3205","437","24","49","0","19","2198","582","13","20","40","64","291","157","0","19","291","157","853","316","472","311","0","19","59","62","0","19","0","19","17","28","305","208","274","189","31","50",
"1400000US06075030800","Census Tract 308; San Francisco County; California","5694","1153","4976","1178","2990","1159","110","97","0","19","1509","247","15","26","0","19","352","173","76","97","276","151","718","441","100","137","0","19","0","19","9","15","0","19","33","38","576","416","411","328","165","178",
"1400000US06075030900","Census Tract 309; San Francisco County; California","6548","904","5857","756","2415","510","35","34","52","62","2332","512","0","19","45","70","978","429","156","207","822","369","691","343","223","195","0","19","98","153","0","19","0","19","78","82","292","256","60","65","232","246",
"1400000US06075031000","Census Tract 310; San Francisco County; California","4374","555","3854","519","1767","394","293","181","0","14","1268","312","0","14","280","421","246","133","70","49","176","117","520","287","197","180","0","14","0","14","44","55","0","14","201","149","78","61","65","67","13","22",
"1400000US06075031100","Census Tract 311; San Francisco County; California","6073","901","5199","830","2354","408","195","147","0","19","2295","714","0","19","37","42","318","159","75","64","243","142","874","240","183","122","0","19","0","19","17","30","0","19","393","190","281","150","259","145","22","28",
"1400000US06075031201","Census Tract 312.01; San Francisco County; California","6176","1173","5292","1042","1156","274","250","170","18","25","3701","1061","0","19","0","19","167","123","3","5","164","123","884","352","61","58","0","19","14","22","0","19","0","19","433","218","376","255","376","255","0","19",
"1400000US06075031202","Census Tract 312.02; San Francisco County; California","2869","408","2423","374","283","99","86","52","0","14","1978","376","0","14","0","14","76","53","4","8","72","54","446","141","6","12","0","14","0","14","50","41","0","14","341","153","49","46","40","45","9","9",
"1400000US06075031301","Census Tract 313.01; San Francisco County; California","3697","590","3321","585","712","239","317","204","0","14","2097","538","0","14","78","66","117","62","3","12","114","60","376","64","40","45","0","14","0","14","0","14","0","14","69","86","267","123","255","116","12","22",
"1400000US06075031302","Census Tract 313.02; San Francisco County; California","4890","533","3983","573","729","250","271","170","0","14","2646","480","22","36","56","90","259","185","0","14","259","185","907","441","50","41","0","14","0","14","0","14","0","14","672","468","185","120","109","100","76","67",
"1400000US06075031401","Census Tract 314.01; San Francisco County; California","2533","396","1930","361","216","157","197","113","0","14","1465","335","0","14","0","14","52","62","0","14","52","62","603","169","0","14","0","14","117","127","10","15","0","14","335","206","141","60","82","62","59","52",
"1400000US06075031402","Census Tract 314.02; San Francisco County; California","4199","697","3369","688","670","372","736","329","0","14","1900","375","9","14","0","14","54","50","9","16","45","47","830","483","12","17","0","14","0","14","0","14","0","14","449","345","369","332","256","304","113","151",
"1400000US06075032601","Census Tract 326.01; San Francisco County; California","4338","597","3714","506","1487","318","41","46","0","14","1913","397","1","5","2","6","270","119","24","28","246","115","624","310","88","68","0","14","25","39","24","36","0","14","69","76","418","297","342","281","76","112",
"1400000US06075032602","Census Tract 326.02; San Francisco County; California","4118","522","3764","521","1168","221","225","240","0","14","1889","368","6","45","9","15","467","266","57","66","410","252","354","144","75","72","0","14","0","14","36","50","0","14","114","99","129","112","71","83","58","77",
"1400000US06075032700","Census Tract 327; San Francisco County; California","6573","909","5838","924","1677","526","11","18","8","17","3469","721","0","19","116","148","557","280","30","37","527","276","735","337","114","103","0","19","0","19","22","40","0","19","385","294","214","180","167","164","47","76",
"1400000US06075032801","Census Tract 328.01; San Francisco County; California","4021","778","3718","800","745","211","13","14","0","14","2783","766","0","14","0","14","177","141","6","16","171","136","303","157","33","42","0","14","0","14","8","12","0","14","148","109","114","84","114","84","0","14",
"1400000US06075032802","Census Tract 328.02; San Francisco County; California","4268","750","4144","757","1085","297","103","131","0","14","2626","725","158","189","0","14","172","162","0","14","172","162","124","80","16","25","0","14","0","14","0","14","0","14","22","29","86","71","69","51","17","28",
"1400000US06075032901","Census Tract 329.01; San Francisco County; California","6013","770","5659","805","975","272","225","265","0","19","3769","589","83","134","0","19","607","424","58","92","549","414","354","232","209","219","0","19","0","19","36","55","0","19","48","44","61","46","31","23","30","34",
"1400000US06075032902","Census Tract 329.02; San Francisco County; California","3720","784","3343","778","654","216","41","33","0","14","2568","747","11","22","0","14","69","56","6","11","63","55","377","210","14","21","0","14","9","18","0","14","0","14","77","102","277","181","262","178","15","24",
"1400000US06075033001","Census Tract 330.01; San Francisco County; California","3911","589","3470","690","668","133","3","18","0","14","2563","705","0","14","60","94","176","136","61","75","115","123","441","216","35","54","0","14","0","14","19","30","0","14","135","122","252","170","204","163","48","79",
"1400000US06075033002","Census Tract 330.02; San Francisco County; California","4015","542","3674","487","1570","512","24","34","23","35","1732","333","0","14","16","24","309","176","20","29","289","173","341","223","137","206","1","2","0","14","25","33","0","14","68","59","110","101","94","84","16","25",
"1400000US06075033100","Census Tract 331; San Francisco County; California","3755","489","3649","509","1015","319","64","67","0","14","2279","372","10","16","10","15","271","162","14","28","257","168","106","87","82","87","0","14","0","14","0","14","0","14","14","20","10","15","10","15","0","14",
"1400000US06075033201","Census Tract 332.01; San Francisco County; California","3316","429","2339","446","816","193","270","158","0","14","1026","352","18","22","0","14","209","76","32","45","177","68","977","268","174","76","24","34","55","57","31","36","0","14","446","169","247","123","202","118","45","45",
"1400000US06075033203","Census Tract 332.03; San Francisco County; California","2895","490","2263","423","690","204","158","103","8","13","1261","424","0","14","43","41","103","58","12","21","91","57","632","370","45","66","101","140","44","65","0","14","0","14","216","165","226","240","72","57","154","232",
"1400000US06075033204","Census Tract 332.04; San Francisco County; California","3816","702","2645","755","794","403","494","297","0","14","1206","536","7","13","0","14","144","98","0","14","144","98","1171","497","77","98","0","14","39","43","20","32","0","14","298","216","737","333","680","330","57","51",
"1400000US06075035101","Census Tract 351.01; San Francisco County; California","3748","941","3406","930","1722","737","101","120","0","14","1422","231","0","14","21","31","140","90","0","14","140","90","342","154","98","100","31","51","0","14","0","14","0","14","64","73","149","118","94","99","55","60",
"1400000US06075035102","Census Tract 351.02; San Francisco County; California","3755","479","3560","473","1123","356","0","14","1","2","2319","373","0","14","10","16","107","78","56","67","51","45","195","141","28","34","0","14","0","14","58","98","0","14","16","25","93","86","87","84","6","11",
"1400000US06075035201","Census Tract 352.01; San Francisco County; California","5020","792","4741","683","1722","204","20","24","0","19","2649","520","0","19","29","39","321","186","117","106","204","157","279","160","15","23","12","19","0","19","0","19","0","19","85","58","167","152","153","152","14","22",
"1400000US06075035202","Census Tract 352.02; San Francisco County; California","4188","677","3442","452","1498","322","90","132","0","14","1691","358","0","14","17","28","146","78","0","14","146","78","746","487","73","82","0","14","0","14","11","19","0","14","95","79","567","475","531","469","36","31",
"1400000US06075035300","Census Tract 353; San Francisco County; California","6525","739","5947","689","2009","543","6","10","1","4","3513","576","59","80","231","176","128","118","17","31","111","104","578","485","154","222","0","19","0","19","23","39","0","19","319","439","82","80","70","79","12","20",
"1400000US06075035400","Census Tract 354; San Francisco County; California","7140","1424","6511","1420","2154","374","76","107","16","24","2906","344","0","19","0","19","1359","1253","124","114","1235","1256","629","267","33","38","0","19","27","43","21","33","0","19","77","63","471","266","446","264","25","41",
"1400000US06075040100","Census Tract 401; San Francisco County; California","4315","813","3845","486","1896","375","8","17","0","14","1518","337","0","14","5","20","418","194","127","126","291","147","470","513","16","30","0","14","0","14","0","14","0","14","15","26","439","525","410","524","29","39",
"1400000US06075040200","Census Tract 402; San Francisco County; California","4719","690","4313","694","2372","421","51","57","0","14","1551","582","0","14","0","14","339","188","0","14","339","188","406","232","116","102","0","14","0","14","41","71","0","14","92","107","157","119","157","119","0","14",
"1400000US06075042601","Census Tract 426.01; San Francisco County; California","4342","786","3904","806","1867","533","26","25","15","24","1550","506","0","14","29","48","417","268","42","64","375","259","438","215","104","76","0","14","11","23","11","18","0","14","71","63","241","191","241","191","0","14",
"1400000US06075042602","Census Tract 426.02; San Francisco County; California","3202","389","2807","386","1468","302","20","23","0","14","1156","217","0","14","0","14","163","99","44","50","119","88","395","293","29","29","0","14","34","52","0","14","0","14","40","50","292","279","249","269","43","59",
"1400000US06075042700","Census Tract 427; San Francisco County; California","5134","509","4571","526","1520","351","263","204","27","31","2406","441","38","58","0","19","317","145","20","35","297","144","563","276","262","175","0","19","0","19","26","44","0","19","104","100","171","143","171","143","0","19",
"1400000US06075042800","Census Tract 428; San Francisco County; California","2471","235","2302","245","1562","236","31","49","0","14","551","140","0","14","12","17","146","75","40","52","106","57","169","96","38","29","0","14","0","14","0","14","0","14","24","38","107","80","100","78","7","11",
"1400000US06075045100","Census Tract 451; San Francisco County; California","4713","876","4184","950","2481","804","5","12","15","22","1299","341","0","14","20","32","364","248","113","138","251","211","529","262","58","51","0","14","90","111","12","26","0","14","309","232","60","53","12","19","48","48",
"1400000US06075045201","Census Tract 452.01; San Francisco County; California","3045","309","2759","367","1210","183","130","129","0","14","1194","262","0","14","85","131","140","84","0","14","140","84","286","167","76","69","0","14","0","14","0","14","0","14","26","30","184","147","98","79","86","125",
"1400000US06075045202","Census Tract 452.02; San Francisco County; California","3332","829","2974","806","1428","748","37","45","0","14","1230","376","72","110","0","14","207","185","27","28","180","182","358","180","55","55","8","12","0","14","0","14","0","14","186","145","109","71","55","53","54","50",
"1400000US06075047600","Census Tract 476; San Francisco County; California","5098","782","4816","746","1821","630","78","65","17","28","2370","597","0","19","5","15","525","300","15","24","510","299","282","220","48","59","0","19","0","19","0","19","0","19","160","200","74","85","74","85","0","19",
"1400000US06075047701","Census Tract 477.01; San Francisco County; California","4724","628","4006","563","1327","275","38","48","0","14","2278","551","7","15","65","83","291","191","0","14","291","191","718","326","169","122","0","14","0","14","27","30","0","14","359","287","163","116","121","117","42","32",
"1400000US06075047702","Census Tract 477.02; San Francisco County; California","3135","497","2969","465","1317","317","1","4","0","14","1450","317","0","14","0","14","201","128","22","27","179","128","166","93","46","51","32","50","0","14","0","14","0","14","34","41","54","42","25","41","29","43",
"1400000US06075047801","Census Tract 478.01; San Francisco County; California","4132","426","3784","460","1570","358","47","42","0","14","1987","305","0","14","29","27","151","91","19","33","132","88","348","167","12","20","0","14","18","22","19","30","0","14","25","25","274","159","254","159","20","29",
"1400000US06075047802","Census Tract 478.02; San Francisco County; California","3581","650","3023","567","1355","203","15","20","0","14","1542","585","0","14","10","16","101","82","0","14","101","82","558","388","177","184","0","14","0","14","0","14","0","14","268","260","113","94","89","89","24","30",
"1400000US06075047902","Census Tract 479.02; San Francisco County; California","3236","492","2715","393","1398","249","0","14","0","14","1083","280","0","14","0","14","234","124","42","35","192","110","521","239","115","129","0","14","53","62","48","59","0","14","10","15","295","181","277","170","18","26",
"1400000US06075047903","Census Tract 479.03; San Francisco County; California","3348","596","3147","558","1781","382","28","37","0","14","1143","371","0","14","0","14","195","93","39","49","156","86","201","130","65","107","0","14","0","14","14","22","0","14","4","9","118","65","52","48","66","63",
"1400000US06075047904","Census Tract 479.04; San Francisco County; California","3077","635","2834","590","1550","462","93","84","0","14","867","260","0","14","179","258","145","74","12","19","133","74","243","122","4","8","0","14","0","14","0","14","0","14","104","97","135","77","81","65","54","41",
"1400000US06075060100","Census Tract 601; San Francisco County; California","3901","645","3034","468","2193","359","57","80","0","14","196","97","0","14","81","101","507","372","90","145","417","342","867","518","78","54","0","14","24","38","0","14","0","14","247","174","518","482","453","479","65","100",
"1400000US06075060400","Census Tract 604; San Francisco County; California","1935","413","1585","359","471","121","86","56","0","14","662","261","0","14","0","14","366","256","66","60","300","251","350","160","176","66","0","14","0","14","0","14","0","14","59","60","115","151","57","66","58","87",
"1400000US06075060502","Census Tract 605.02; San Francisco County; California","2595","526","1782","460","108","78","266","159","13","19","1040","357","203","217","7","10","145","138","0","14","145","138","813","254","22","28","0","14","0","14","3","6","0","14","617","209","171","149","148","139","23","36",
"1400000US06075060701","Census Tract 607.01; San Francisco County; California","8602","801","7731","852","1568","383","1397","546","0","19","4123","636","0","19","0","19","643","420","242","256","401","328","871","355","110","149","12","18","28","47","23","37","0","19","337","197","361","187","304","173","57","72",
"1400000US06075060702","Census Tract 607.02; San Francisco County; California","2608","315","2358","333","376","174","370","246","0","14","1514","262","0","14","0","14","98","80","0","14","98","80","250","132","193","124","0","14","4","9","0","14","0","14","15","19","38","36","14","23","24","26",
"1400000US06075060703","Census Tract 607.03; San Francisco County; California","6388","1465","5835","1489","2607","1502","262","144","37","56","2466","384","136","165","41","61","286","202","56","68","230","188","553","237","77","74","65","87","0","19","41","61","0","19","172","154","198","121","131","112","67","86",
"1400000US06075061000","Census Tract 610; San Francisco County; California","4295","578","3740","576","560","280","628","253","0","14","2431","432","0","14","26","40","95","98","0","14","95","98","555","242","85","122","0","14","0","14","0","14","0","14","175","134","295","187","253","165","42","65",
"1400000US06075061101","Census Tract 611.01; San Francisco County; California","1723","504","1717","507","48","40","26","33","2","6","1590","504","0","14","0","14","51","61","9","19","42","52","6","15","0","14","0","14","0","14","0","14","0","14","0","14","6","15","6","15","0","14",
"1400000US06075061102","Census Tract 611.02; San Francisco County; California","1982","349","1873","324","91","124","92","139","0","14","1653","367","0","14","0","14","37","32","13","20","24","26","109","136","0","14","0","14","0","14","0","14","0","14","82","131","27","30","27","30","0","14",
"1400000US06075061200","Census Tract 612; San Francisco County; California","4086","803","2372","500","372","189","820","229","0","14","1124","477","0","14","0","14","56","51","0","14","56","51","1714","730","58","76","0","14","0","14","0","14","0","14","1435","748","221","166","221","166","0","14",
"1400000US06075061401","Census Tract 614.01; San Francisco County; California","2815","506","2362","499","1423","414","225","250","0","14","440","144","0","14","79","86","195","159","33","38","162","158","453","173","12","19","0","14","20","29","0","14","0","14","143","162","278","80","244","66","34","54",
"1400000US06075061402","Census Tract 614.02; San Francisco County; California","2760","441","2433","486","1561","383","108","126","0","14","606","336","0","14","0","14","158","126","11","20","147","125","327","280","20","24","0","14","0","14","0","14","0","14","126","110","181","196","172","193","9","19",
"1400000US06075061501","Census Tract 615.01; San Francisco County; California","1862","483","1574","491","686","329","36","46","0","14","775","382","28","43","0","14","49","76","0","14","49","76","288","230","156","178","0","14","0","14","0","14","0","14","98","151","34","46","34","46","0","14",
"1400000US06075061502","Census Tract 615.02; San Francisco County; California","2500","587","2170","565","1646","583","53","58","0","14","294","119","0","14","0","14","177","126","0","14","177","126","330","206","138","119","0","14","0","14","0","14","0","14","147","146","45","60","22","28","23","52",
"1400000US06075061503","Census Tract 615.03; San Francisco County; California","3552","631","2831","763","1052","502","17","32","0","14","1714","496","0","14","27","43","21","34","0","14","21","34","721","403","195","110","0","14","31","49","0","14","0","14","274","326","221","115","221","115","0","14",
"1400000US06075061504","Census Tract 615.04; San Francisco County; California","2133","528","1985","495","335","103","99","106","0","14","1502","526","35","49","0","14","14","24","0","14","14","24","148","104","95","96","9","17","0","14","0","14","0","14","35","40","9","15","9","15","0","14",
"1400000US06075061505","Census Tract 615.05; San Francisco County; California","925","128","848","108","296","89","93","112","0","14","415","131","0","14","0","14","44","27","0","14","44","27","77","64","52","57","0","14","0","14","0","14","0","14","11","14","14","23","14","23","0","14",
"1400000US06075061506","Census Tract 615.06; San Francisco County; California","4429","993","4296","1016","1402","462","216","243","0","14","2470","865","0","14","0","14","208","197","0","14","208","197","133","167","117","168","0","14","0","14","0","14","0","14","0","14","16","27","16","27","0","14",
"1400000US06075061507","Census Tract 615.07; San Francisco County; California","1387","223","1211","229","325","113","10","17","0","14","876","239","0","14","0","14","0","14","0","14","0","14","176","136","0","14","0","14","0","14","11","18","0","14","103","85","62","65","62","65","0","14",
"1400000US06075061508","Census Tract 615.08; San Francisco County; California","2307","337","2090","364","640","288","171","109","25","40","824","240","24","49","12","19","394","205","24","28","370","203","217","163","0","14","0","14","0","14","0","14","0","14","37","62","180","146","180","146","0","14",
"1400000US06075980200","Census Tract 9802; San Francisco County; California","160","12","130","43","22","27","47","66","0","14","30","41","0","14","24","37","7","9","0","14","7","9","30","43","0","14","3","8","0","14","0","14","0","14","27","43","0","14","0","14","0","14",
"1400000US06075980300","Census Tract 9803; San Francisco County; California","58","29","47","27","34","26","0","14","0","14","8","8","0","14","0","14","5","7","0","14","5","7","11","12","0","14","0","14","0","14","0","14","0","14","0","14","11","12","6","11","5","6",
"1400000US06075980401","Census Tract 9804.01; San Francisco County; California","0","14","0","14","0","14","0","14","0","14","0","14","0","14","0","14","0","14","0","14","0","14","0","14","0","14","0","14","0","14","0","14","0","14","0","14","0","14","0","14","0","14",
"1400000US06075980501","Census Tract 9805.01; San Francisco County; California","146","52","146","52","0","14","0","14","0","14","146","52","0","14","0","14","0","14","0","14","0","14","0","14","0","14","0","14","0","14","0","14","0","14","0","14","0","14","0","14","0","14",
"1400000US06075980600","Census Tract 9806; San Francisco County; California","1295","182","1109","165","238","124","285","105","0","14","473","146","0","14","22","31","91","51","0","14","91","51","186","123","8","11","0","14","45","73","0","14","0","14","71","60","62","56","56","55","6","10",
"1400000US06075980900","Census Tract 9809; San Francisco County; California","439","157","416","160","80","63","60","74","0","14","241","136","0","14","0","14","35","30","4","6","31","29","23","21","12","13","0","14","0","14","0","14","0","14","11","15","0","14","0","14","0","14",
"1400000US06075990100","Census Tract 9901; San Francisco County; California","0","14","0","14","0","14","0","14","0","14","0","14","0","14","0","14","0","14","0","14","0","14","0","14","0","14","0","14","0","14","0","14","0","14","0","14","0","14","0","14","0","14",
"1400000US06075990200","Census Tract 9902; San Francisco County; California","0","14","0","14","0","14","0","14","0","14","0","14","0","14","0","14","0","14","0","14","0","14","0","14","0","14","0","14","0","14","0","14","0","14","0","14","0","14","0","14","0","14",
