"GEO_ID","NAME","B25044_001E","B25044_001M","B25044_002E","B25044_002M","B25044_003E","B25044_003M","B25044_004E","B25044_004M","B25044_005E","B25044_005M","B25044_006E","B25044_006M","B25044_007E","B25044_007M","B25044_008E","B25044_008M","B25044_009E","B25044_009M","B25044_010E","B25044_010M","B25044_011E","B25044_011M","B25044_012E","B25044_012M","B25044_013E","B25044_013M","B25044_014E","B25044_014M","B25044_015E","B25044_015M",
"Geography","Geographic Area Name","Estimate!!Total:","Margin of Error!!Total:","Estimate!!Total:!!Owner occupied:","Margin of Error!!Total:!!Owner occupied:","Estimate!!Total:!!Owner occupied:!!No vehicle available","Margin of Error!!Total:!!Owner occupied:!!No vehicle available","Estimate!!Total:!!Owner occupied:!!1 vehicle available","Margin of Error!!Total:!!Owner occupied:!!1 vehicle available","Estimate!!Total:!!Owner occupied:!!2 vehicles available","Margin of Error!!Total:!!Owner occupied:!!2 vehicles available","Estimate!!Total:!!Owner occupied:!!3 vehicles available","Margin of Error!!Total:!!Owner occupied:!!3 vehicles available","Estimate!!Total:!!Owner occupied:!!4 vehicles available","Margin of Error!!Total:!!Owner occupied:!!4 vehicles available","Estimate!!Total:!!Owner occupied:!!5 or more vehicles available","Margin of Error!!Total:!!Owner occupied:!!5 or more vehicles available","Estimate!!Total:!!Renter occupied:","Margin of Error!!Total:!!Renter occupied:","Estimate!!Total:!!Renter occupied:!!No vehicle available","Margin of Error!!Total:!!Renter occupied:!!No vehicle available","Estimate!!Total:!!Renter occupied:!!1 vehicle available","Margin of Error!!Total:!!Renter occupied:!!1 vehicle available","Estimate!!Total:!!Renter occupied:!!2 vehicles available","Margin of Error!!Total:!!Renter occupied:!!2 vehicles available","Estimate!!Total:!!Renter occupied:!!3 vehicles available","Margin of Error!!Total:!!Renter occupied:!!3 vehicles available","Estimate!!Total:!!Renter occupied:!!4 vehicles available","Margin of Error!!Total:!!Renter occupied:!!4 vehicles available","Estimate!!Total:!!Renter occupied:!!5 or more vehicles available","Margin of Error!!Total:!!Renter occupied:!!5 or more vehicles available",
"1400000US06075010101","Census Tract 101.01; San Francisco County; California","1212","143","113","74","0","14","51","44","62","63","0","14","0","14","0","14","1099","145","459","114","600","154","40","40","0","14","0","14","0","14",
"1400000US06075010102","Census Tract 101.02; San Francisco County; California","907","200","302","93","22","28","235","97","45","33","0","14","0","14","0","14","605","189","281","194","211","61","103","44","10","20","0","14","0","14",
"1400000US06075010201","Census Tract 102.01; San Francisco County; California","1375","174","535","170","122","129","227","105","91","56","95","94","0","14","0","14","840","133","330","121","387","95","123","79","0","14","0","14","0","14",
"1400000US06075010202","Census Tract 102.02; San Francisco County; California","1091","139","338","107","14","24","262","114","62","42","0","14","0","14","0","14","753","163","192","122","435","133","96","58","0","14","30","49","0","14",
"1400000US06075010300","Census Tract 103; San Francisco County; California","2143","355","499","230","24","37","338","143","137","148","0","14","0","14","0","14","1644","362","476","216","876","334","229","107","63","56","0","14","0","14",
"1400000US06075010401","Census Tract 104.01; San Francisco County; California","944","203","316","76","26","31","168","73","122","53","0","14","0","14","0","14","628","209","245","187","235","111","124","96","11","17","0","14","13","21",
"1400000US06075010402","Census Tract 104.02; San Francisco County; California","1202","141","366","126","82","62","118","66","70","64","44","46","52","81","0","14","836","150","337","130","365","129","80","69","54","31","0","14","0","14",
"1400000US06075010500","Census Tract 105; San Francisco County; California","1738","213","364","126","39","46","276","116","38","41","0","14","11","17","0","14","1374","201","613","155","733","213","28","25","0","14","0","14","0","14",
"1400000US06075010600","Census Tract 106; San Francisco County; California","1836","250","195","73","21","28","120","54","54","40","0","14","0","14","0","14","1641","266","1168","257","413","135","54","42","6","10","0","14","0","14",
"1400000US06075010701","Census Tract 107.01; San Francisco County; California","1834","237","97","64","56","51","14","22","27","39","0","14","0","14","0","14","1737","245","1491","262","246","117","0","14","0","14","0","14","0","14",
"1400000US06075010702","Census Tract 107.02; San Francisco County; California","674","95","125","72","8","14","65","55","52","51","0","14","0","14","0","14","549","84","303","115","215","73","31","35","0","14","0","14","0","14",
"1400000US06075010800","Census Tract 108; San Francisco County; California","2382","349","471","142","123","63","220","135","73","49","55","62","0","14","0","14","1911","333","561","199","983","266","350","187","17","25","0","14","0","14",
"1400000US06075010901","Census Tract 109.01; San Francisco County; California","1071","126","253","97","53","61","140","64","42","34","18","22","0","14","0","14","818","141","347","122","341","106","94","71","36","43","0","14","0","14",
"1400000US06075010902","Census Tract 109.02; San Francisco County; California","1452","223","142","66","12","19","98","58","32","41","0","14","0","14","0","14","1310","223","877","249","338","127","79","84","16","24","0","14","0","14",
"1400000US06075011001","Census Tract 110.01; San Francisco County; California","1405","216","312","116","60","49","184","106","68","45","0","14","0","14","0","14","1093","205","654","190","315","105","80","52","44","49","0","14","0","14",
"1400000US06075011002","Census Tract 110.02; San Francisco County; California","1129","269","357","211","13","20","293","206","51","44","0","14","0","14","0","14","772","189","369","130","355","141","48","51","0","14","0","14","0","14",
"1400000US06075011101","Census Tract 111.01; San Francisco County; California","1473","227","154","82","28","29","114","73","12","19","0","14","0","14","0","14","1319","227","770","162","476","192","73","72","0","14","0","14","0","14",
"1400000US06075011102","Census Tract 111.02; San Francisco County; California","1312","287","94","59","51","42","43","41","0","14","0","14","0","14","0","14","1218","280","900","250","301","166","17","26","0","14","0","14","0","14",
"1400000US06075011200","Census Tract 112; San Francisco County; California","1633","227","362","105","99","53","197","82","56","45","10","15","0","14","0","14","1271","222","828","202","363","118","80","64","0","14","0","14","0","14",
"1400000US06075011300","Census Tract 113; San Francisco County; California","1333","165","130","52","51","38","79","45","0","14","0","14","0","14","0","14","1203","160","803","133","343","145","49","44","8","14","0","14","0","14",
"1400000US06075011700","Census Tract 117; San Francisco County; California","1111","151","128","61","50","42","78","52","0","14","0","14","0","14","0","14","983","154","780","168","170","93","16","25","0","14","17","26","0","14",
"1400000US06075011800","Census Tract 118; San Francisco County; California","716","89","4","6","4","6","0","14","0","14","0","14","0","14","0","14","712","90","529","77","151","53","23","28","9","14","0","14","0","14",
"1400000US06075011901","Census Tract 119.01; San Francisco County; California","1217","135","212","67","59","37","143","57","10","16","0","14","0","14","0","14","1005","130","737","139","255","90","1","18","12","21","0","14","0","14",
"1400000US06075011902","Census Tract 119.02; San Francisco County; California","1678","210","86","47","15","25","25","24","46","42","0","14","0","14","0","14","1592","213","1137","214","359","153","84","87","12","18","0","14","0","14",
"1400000US06075012001","Census Tract 120.01; San Francisco County; California","1004","179","94","58","36","42","46","50","12","19","0","14","0","14","0","14","910","184","566","153","214","107","0","14","130","104","0","14","0","14",
"1400000US06075012002","Census Tract 120.02; San Francisco County; California","1359","259","176","209","12","19","164","218","0","14","0","14","0","14","0","14","1183","154","862","178","301","144","20","33","0","14","0","14","0","14",
"1400000US06075012100","Census Tract 121; San Francisco County; California","2080","264","147","118","83","69","64","100","0","14","0","14","0","14","0","14","1933","272","1452","224","481","263","0","14","0","14","0","14","0","14",
"1400000US06075012202","Census Tract 122.02; San Francisco County; California","1488","172","178","132","60","76","118","102","0","14","0","14","0","14","0","14","1310","156","994","185","296","132","20","22","0","14","0","14","0","14",
"1400000US06075012203","Census Tract 122.03; San Francisco County; California","1081","338","0","14","0","14","0","14","0","14","0","14","0","14","0","14","1081","338","876","358","164","105","41","57","0","14","0","14","0","14",
"1400000US06075012204","Census Tract 122.04; San Francisco County; California","1566","296","219","66","61","48","148","34","0","14","0","14","0","14","10","16","1347","284","1171","295","155","75","21","33","0","14","0","14","0","14",
"1400000US06075012301","Census Tract 123.01; San Francisco County; California","1311","178","28","30","17","24","0","14","11","18","0","14","0","14","0","14","1283","177","1144","162","139","110","0","14","0","14","0","14","0","14",
"1400000US06075012302","Census Tract 123.02; San Francisco County; California","1886","183","0","14","0","14","0","14","0","14","0","14","0","14","0","14","1886","183","1606","188","188","83","62","49","0","14","0","14","30","28",
"1400000US06075012403","Census Tract 124.03; San Francisco County; California","1181","280","26","43","0","14","26","43","0","14","0","14","0","14","0","14","1155","293","833","315","259","185","63","78","0","14","0","14","0","14",
"1400000US06075012404","Census Tract 124.04; San Francisco County; California","1499","372","0","14","0","14","0","14","0","14","0","14","0","14","0","14","1499","372","1182","378","236","118","32","34","22","37","0","14","27","45",
"1400000US06075012405","Census Tract 124.05; San Francisco County; California","2513","438","43","34","22","35","0","14","0","14","21","32","0","14","0","14","2470","433","1692","446","670","201","95","127","13","24","0","14","0","14",
"1400000US06075012406","Census Tract 124.06; San Francisco County; California","947","144","148","60","71","49","63","37","14","22","0","14","0","14","0","14","799","141","648","139","151","80","0","14","0","14","0","14","0","14",
"1400000US06075012502","Census Tract 125.02; San Francisco County; California","2270","314","0","14","0","14","0","14","0","14","0","14","0","14","0","14","2270","314","1898","338","237","166","89","84","46","74","0","14","0","14",
"1400000US06075012503","Census Tract 125.03; San Francisco County; California","2205","301","11","45","0","14","11","45","0","14","0","14","0","14","0","14","2194","297","1658","333","445","212","0","14","91","97","0","14","0","14",
"1400000US06075012504","Census Tract 125.04; San Francisco County; California","333","98","55","52","14","21","0","14","15","24","26","42","0","14","0","14","278","91","238","74","4","8","36","56","0","14","0","14","0","14",
"1400000US06075012601","Census Tract 126.01; San Francisco County; California","1291","158","263","72","4","9","124","61","116","64","19","26","0","14","0","14","1028","165","413","120","538","121","77","58","0","14","0","14","0","14",
"1400000US06075012602","Census Tract 126.02; San Francisco County; California","1425","178","450","128","85","87","207","73","85","53","73","46","0","14","0","14","975","165","257","119","529","116","130","73","48","47","0","14","11","13",
"1400000US06075012700","Census Tract 127; San Francisco County; California","2074","293","613","235","40","46","248","204","315","196","10","22","0","14","0","14","1461","172","230","134","1060","181","147","98","0","14","0","14","24","27",
"1400000US06075012801","Census Tract 128.01; San Francisco County; California","1210","167","449","94","27","43","188","78","164","79","18","30","52","45","0","14","761","163","306","146","394","160","34","43","27","29","0","14","0","14",
"1400000US06075012802","Census Tract 128.02; San Francisco County; California","935","165","233","98","27","30","61","44","135","83","10","17","0","14","0","14","702","169","164","88","476","158","24","26","0","14","38","59","0","14",
"1400000US06075012901","Census Tract 129.01; San Francisco County; California","1454","175","324","96","20","20","227","99","71","33","6","10","0","14","0","14","1130","171","306","111","735","181","81","53","0","14","0","14","8","14",
"1400000US06075012902","Census Tract 129.02; San Francisco County; California","1700","210","387","103","11","20","265","102","97","43","14","23","0","14","0","14","1313","202","477","144","633","162","83","57","120","97","0","14","0","14",
"1400000US06075013001","Census Tract 130.01; San Francisco County; California","863","139","229","62","0","14","78","54","151","34","0","14","0","14","0","14","634","130","202","90","348","124","84","60","0","14","0","14","0","14",
"1400000US06075013002","Census Tract 130.02; San Francisco County; California","1253","284","277","129","0","14","159","103","107","79","11","19","0","14","0","14","976","250","380","234","470","158","94","91","32","51","0","14","0","14",
"1400000US06075013101","Census Tract 131.01; San Francisco County; California","2343","264","660","192","154","97","411","166","95","67","0","14","0","14","0","14","1683","237","435","151","1060","278","145","85","29","33","0","14","14","24",
"1400000US06075013102","Census Tract 131.02; San Francisco County; California","1565","306","481","142","30","27","278","131","115","68","40","33","18","20","0","14","1084","286","372","118","632","281","71","47","9","14","0","14","0","14",
"1400000US06075013200","Census Tract 132; San Francisco County; California","2209","317","800","245","10","16","385","213","358","144","34","43","13","21","0","14","1409","247","351","164","963","254","95","80","0","14","0","14","0","14",
"1400000US06075013300","Census Tract 133; San Francisco County; California","1999","199","818","124","47","31","295","93","370","79","100","61","6","10","0","14","1181","211","632","211","352","127","170","92","12","20","0","14","15","23",
"1400000US06075013401","Census Tract 134.01; San Francisco County; California","797","236","203","75","52","49","59","31","75","46","17","21","0","14","0","14","594","235","163","82","333","211","98","64","0","14","0","14","0","14",
"1400000US06075013402","Census Tract 134.02; San Francisco County; California","1205","203","285","120","43","31","133","84","53","35","0","14","56","91","0","14","920","198","190","107","624","171","106","96","0","14","0","14","0","14",
"1400000US06075013500","Census Tract 135; San Francisco County; California","1614","211","446","148","9","14","330","138","100","67","7","12","0","14","0","14","1168","188","521","108","582","168","65","53","0","14","0","14","0","14",
"1400000US06075015100","Census Tract 151; San Francisco County; California","1713","140","615","110","92","51","469","103","37","32","13","22","4","8","0","14","1098","130","603","119","471","112","24","28","0","14","0","14","0","14",
"1400000US06075015201","Census Tract 152.01; San Francisco County; California","973","149","107","71","0","14","43","69","34","30","30","3","0","14","0","14","866","137","484","127","362","98","20","22","0","14","0","14","0","14",
"1400000US06075015202","Census Tract 152.02; San Francisco County; California","1065","170","544","166","114","76","400","152","30","38","0","14","0","14","0","14","521","152","193","85","271","134","34","28","23","36","0","14","0","14",
"1400000US06075015300","Census Tract 153; San Francisco County; California","1077","126","427","108","66","54","274","92","87","56","0","14","0","14","0","14","650","150","290","100","213","67","140","98","7","14","0","14","0","14",
"1400000US06075015401","Census Tract 154.01; San Francisco County; California","1632","288","558","173","28","43","224","102","221","157","85","58","0","14","0","14","1074","262","312","124","729","258","25","29","8","16","0","14","0","14",
"1400000US06075015402","Census Tract 154.02; San Francisco County; California","1331","291","325","83","12","19","170","80","111","52","19","30","0","14","13","21","1006","291","135","75","596","234","216","196","59","54","0","14","0","14",
"1400000US06075015500","Census Tract 155; San Francisco County; California","2250","275","170","75","30","38","79","47","61","56","0","14","0","14","0","14","2080","274","1248","278","643","222","172","80","17","31","0","14","0","14",
"1400000US06075015600","Census Tract 156; San Francisco County; California","1376","207","391","112","49","32","207","96","118","58","17","21","0","14","0","14","985","192","363","94","532","184","48","33","11","14","31","43","0","14",
"1400000US06075015701","Census Tract 157.01; San Francisco County; California","1217","152","387","104","37","40","139","91","163","81","48","47","0","14","0","14","830","191","192","81","428","134","210","130","0","14","0","14","0","14",
"1400000US06075015702","Census Tract 157.02; San Francisco County; California","1397","213","655","216","83","52","367","206","166","108","39","37","0","14","0","14","742","132","121","79","475","123","100","66","36","44","10","17","0","14",
"1400000US06075015801","Census Tract 158.01; San Francisco County; California","1416","149","323","91","10","14","228","77","64","44","0","14","10","18","11","17","1093","131","365","107","593","129","135","79","0","14","0","14","0","14",
"1400000US06075015802","Census Tract 158.02; San Francisco County; California","1572","155","338","93","25","35","212","85","83","51","18","21","0","14","0","14","1234","160","489","124","556","157","144","69","36","54","0","14","9","15",
"1400000US06075015900","Census Tract 159; San Francisco County; California","2159","248","509","151","47","47","373","127","41","41","29","42","19","28","0","14","1650","253","1049","246","418","171","183","136","0","14","0","14","0","14",
"1400000US06075016000","Census Tract 160; San Francisco County; California","1724","446","434","107","118","58","271","93","32","32","13","14","0","14","0","14","1290","457","905","469","361","98","24","28","0","14","0","14","0","14",
"1400000US06075016101","Census Tract 161.01; San Francisco County; California","1572","305","150","68","9","15","86","75","55","23","0","14","0","14","0","14","1422","294","860","293","471","146","91","46","0","14","0","14","0","14",
"1400000US06075016102","Census Tract 161.02; San Francisco County; California","1212","256","23","39","0","14","23","39","0","14","0","14","0","14","0","14","1189","259","641","256","395","170","107","75","46","56","0","14","0","14",
"1400000US06075016200","Census Tract 162; San Francisco County; California","1872","345","466","246","116","86","230","203","120","128","0","14","0","14","0","14","1406","265","888","244","511","145","7","11","0","14","0","14","0","14",
"1400000US06075016300","Census Tract 163; San Francisco County; California","1944","234","282","124","41","47","148","93","64","38","29","55","0","14","0","14","1662","253","677","228","905","263","49","51","13","12","18","31","0","14",
"1400000US06075016400","Census Tract 164; San Francisco County; California","1679","202","249","84","45","38","134","60","34","38","5","9","0","14","31","46","1430","224","605","138","695","210","87","78","11","20","32","55","0","14",
"1400000US06075016500","Census Tract 165; San Francisco County; California","2303","259","730","249","150","168","450","163","130","79","0","19","0","19","0","19","1573","310","533","205","880","244","160","90","0","19","0","19","0","19",
"1400000US06075016601","Census Tract 166.01; San Francisco County; California","1511","211","311","81","71","56","160","57","80","44","0","14","0","14","0","14","1200","224","530","134","618","240","30","28","0","14","22","33","0","14",
"1400000US06075016602","Census Tract 166.02; San Francisco County; California","988","240","198","88","0","14","198","88","0","14","0","14","0","14","0","14","790","242","197","89","502","228","52","44","39","62","0","14","0","14",
"1400000US06075016700","Census Tract 167; San Francisco County; California","2315","292","727","209","57","58","310","153","360","165","0","19","0","19","0","19","1588","327","822","308","628","185","123","92","15","26","0","19","0","19",
"1400000US06075016801","Census Tract 168.01; San Francisco County; California","1997","212","389","135","145","105","170","64","54","39","15","22","5","8","0","14","1608","219","899","173","587","198","63","54","4","11","0","14","55","52",
"1400000US06075016802","Census Tract 168.02; San Francisco County; California","1924","222","314","104","101","59","151","94","62","61","0","14","0","14","0","14","1610","225","846","230","680","228","15","22","69","89","0","14","0","14",
"1400000US06075016900","Census Tract 169; San Francisco County; California","1620","183","518","151","84","43","338","144","69","41","17","21","10","16","0","14","1102","173","647","164","372","110","59","36","15","21","0","14","9","14",
"1400000US06075017000","Census Tract 170; San Francisco County; California","2146","271","1105","247","70","64","530","163","477","186","28","37","0","14","0","14","1041","242","342","146","611","202","88","68","0","14","0","14","0","14",
"1400000US06075017101","Census Tract 171.01; San Francisco County; California","1776","214","599","106","74","56","174","69","257","78","78","55","9","13","7","12","1177","217","375","133","581","155","213","131","8","12","0","14","0","14",
"1400000US06075017102","Census Tract 171.02; San Francisco County; California","1538","158","504","111","86","49","259","87","157","59","2","10","0","14","0","14","1034","159","354","101","485","105","161","87","34","44","0","14","0","14",
"1400000US06075017602","Census Tract 176.02; San Francisco County; California","1534","262","136","59","47","41","49","44","30","46","0","14","0","14","10","17","1398","252","964","174","363","225","71","68","0","14","0","14","0","14",
"1400000US06075017603","Census Tract 176.03; San Francisco County; California","2376","343","427","160","137","118","217","129","0","14","47","72","26","42","0","14","1949","324","1328","315","492","199","129","150","0","14","0","14","0","14",
"1400000US06075017604","Census Tract 176.04; San Francisco County; California","2175","221","222","124","115","101","84","75","23","37","0","14","0","14","0","14","1953","233","1400","258","406","180","147","103","0","14","0","14","0","14",
"1400000US06075017700","Census Tract 177; San Francisco County; California","1174","134","287","95","89","56","75","51","115","72","8","12","0","14","0","14","887","148","356","145","483","153","48","43","0","14","0","14","0","14",
"1400000US06075017801","Census Tract 178.01; San Francisco County; California","2381","214","614","218","141","85","334","143","139","137","0","14","0","14","0","14","1767","197","1290","184","454","133","23","34","0","14","0","14","0","14",
"1400000US06075017803","Census Tract 178.03; San Francisco County; California","1174","203","300","111","60","53","151","102","89","73","0","14","0","14","0","14","874","234","555","209","312","145","7","16","0","14","0","14","0","14",
"1400000US06075017804","Census Tract 178.04; San Francisco County; California","2132","299","667","243","94","103","536","230","37","48","0","14","0","14","0","14","1465","311","829","243","550","204","86","86","0","14","0","14","0","14",
"1400000US06075017903","Census Tract 179.03; San Francisco County; California","617","96","0","14","0","14","0","14","0","14","0","14","0","14","0","14","617","96","91","42","213","76","160","62","146","70","7","13","0","14",
"1400000US06075018000","Census Tract 180; San Francisco County; California","1525","237","394","102","52","40","292","91","41","39","9","15","0","14","0","14","1131","215","581","159","550","160","0","14","0","14","0","14","0","14",
"1400000US06075020101","Census Tract 201.01; San Francisco County; California","1917","288","485","191","136","74","292","162","48","45","9","16","0","14","0","14","1432","321","699","266","610","221","38","39","85","56","0","14","0","14",
"1400000US06075020102","Census Tract 201.02; San Francisco County; California","1396","311","246","140","59","50","53","43","134","120","0","14","0","14","0","14","1150","282","701","181","160","113","254","231","0","14","0","14","35","46",
"1400000US06075020201","Census Tract 202.01; San Francisco County; California","1005","150","240","99","102","82","84","65","50","57","0","14","4","6","0","14","765","173","399","133","287","101","37","40","42","56","0","14","0","14",
"1400000US06075020202","Census Tract 202.02; San Francisco County; California","2173","322","482","181","116","75","270","159","45","44","51","72","0","14","0","14","1691","332","969","291","628","148","83","101","11","18","0","14","0","14",
"1400000US06075020300","Census Tract 203; San Francisco County; California","2189","491","802","418","92","56","598","406","79","47","33","29","0","14","0","14","1387","299","820","286","473","128","94","51","0","14","0","14","0","14",
"1400000US06075020401","Census Tract 204.01; San Francisco County; California","1607","159","747","156","84","41","348","141","251","83","27","22","37","42","0","14","860","155","185","80","476","139","167","72","24","28","8","12","0","14",
"1400000US06075020402","Census Tract 204.02; San Francisco County; California","2385","275","764","238","132","125","400","210","232","101","0","14","0","14","0","14","1621","249","263","133","852","201","403","170","44","43","59","60","0","14",
"1400000US06075020500","Census Tract 205; San Francisco County; California","1274","123","551","110","10","16","290","90","242","76","9","14","0","14","0","14","723","102","282","103","383","108","48","33","10","16","0","14","0","14",
"1400000US06075020601","Census Tract 206.01; San Francisco County; California","1399","145","546","155","95","65","282","96","83","45","86","94","0","14","0","14","853","135","484","115","254","97","53","45","16","24","46","56","0","14",
"1400000US06075020602","Census Tract 206.02; San Francisco County; California","1317","221","587","218","185","190","193","91","192","82","17","21","0","14","0","14","730","181","238","150","430","132","62","74","0","14","0","14","0","14",
"1400000US06075020701","Census Tract 207.01; San Francisco County; California","1397","171","501","168","61","69","356","177","59","54","0","14","25","27","0","14","896","187","340","138","518","151","34","36","0","14","4","9","0","14",
"1400000US06075020702","Census Tract 207.02; San Francisco County; California","1104","126","216","73","51","44","140","51","25","33","0","14","0","14","0","14","888","142","505","114","343","119","40","35","0","14","0","14","0","14",
"1400000US06075020801","Census Tract 208.01; San Francisco County; California","1519","169","258","83","46","43","143","72","56","49","13","21","0","14","0","14","1261","181","532","137","487","132","211","131","31","37","0","14","0","14",
"1400000US06075020802","Census Tract 208.02; San Francisco County; California","1114","173","194","83","0","14","138","66","48","52","8","14","0","14","0","14","920","174","691","151","229","126","0","14","0","14","0","14","0","14",
"1400000US06075020900","Census Tract 209; San Francisco County; California","1557","199","239","83","45","35","149","64","45","41","0","14","0","14","0","14","1318","187","563","142","645","152","62","43","48","30","0","14","0","14",
"1400000US06075021000","Census Tract 210; San Francisco County; California","1758","268","721","231","133","91","361","217","154","92","15","25","0","14","58","56","1037","238","501","192","422","161","114","91","0","14","0","14","0","14",
"1400000US06075021100","Census Tract 211; San Francisco County; California","2021","219","911","173","7","11","523","153","318","77","49","43","14","15","0","14","1110","169","423","141","555","149","102","55","30","32","0","14","0","14",
"1400000US06075021200","Census Tract 212; San Francisco County; California","1424","200","834","117","101","70","468","107","233","72","22","20","10","15","0","14","590","158","142","113","354","113","85","57","9","16","0","14","0","14",
"1400000US06075021300","Census Tract 213; San Francisco County; California","1212","243","639","105","11","17","293","82","295","93","40","32","0","14","0","14","573","232","91","62","332","203","67","47","71","103","12","18","0","14",
"1400000US06075021400","Census Tract 214; San Francisco County; California","1716","206","677","132","39","33","427","122","202","80","9","14","0","14","0","14","1039","188","278","107","645","189","107","66","9","15","0","14","0","14",
"1400000US06075021500","Census Tract 215; San Francisco County; California","2513","267","1048","190","57","44","491","153","373","149","63","50","32","43","32","51","1465","271","160","110","1022","275","263","136","0","19","0","19","20","35",
"1400000US06075021600","Census Tract 216; San Francisco County; California","2111","199","1147","170","111","88","427","151","507","132","67","61","35","56","0","14","964","218","226","146","583","219","153","82","2","8","0","14","0","14",
"1400000US06075021700","Census Tract 217; San Francisco County; California","1798","215","1257","180","25","23","697","189","405","117","115","54","15","17","0","14","541","179","50","49","340","181","135","65","8","15","0","14","8","12",
"1400000US06075021800","Census Tract 218; San Francisco County; California","1777","173","1101","136","58","47","540","128","424","89","73","45","6","11","0","14","676","199","113","65","402","180","152","97","9","14","0","14","0","14",
"1400000US06075022600","Census Tract 226; San Francisco County; California","2185","240","424","96","6","14","283","87","110","57","25","30","0","14","0","14","1761","232","589","174","928","153","244","139","0","14","0","14","0","14",
"1400000US06075022702","Census Tract 227.02; San Francisco County; California","1001","132","382","121","24","32","220","77","117","87","21","19","0","14","0","14","619","100","109","65","454","94","34","24","22","24","0","14","0","14",
"1400000US06075022704","Census Tract 227.04; San Francisco County; California","1822","146","931","166","21","24","522","126","317","106","43","22","19","22","9","14","891","125","162","69","578","120","127","55","0","14","8","12","16","24",
"1400000US06075022801","Census Tract 228.01; San Francisco County; California","1895","153","879","180","124","78","558","150","154","93","43","49","0","14","0","14","1016","192","248","131","519","166","201","93","48","46","0","14","0","14",
"1400000US06075022802","Census Tract 228.02; San Francisco County; California","751","174","329","169","32","22","231","164","43","27","23","24","0","14","0","14","422","74","157","44","167","61","90","47","8","9","0","14","0","14",
"1400000US06075022803","Census Tract 228.03; San Francisco County; California","1422","138","607","128","68","39","323","96","122","62","77","59","17","26","0","14","815","159","314","115","325","93","169","83","7","11","0","14","0","14",
"1400000US06075022901","Census Tract 229.01; San Francisco County; California","1408","153","318","133","45","33","208","130","65","59","0","14","0","14","0","14","1090","136","357","117","520","157","177","97","36","52","0","14","0","14",
"1400000US06075022902","Census Tract 229.02; San Francisco County; California","727","78","328","79","69","48","166","54","93","41","0","14","0","14","0","14","399","89","91","57","204","68","80","42","24","23","0","14","0","14",
"1400000US06075022903","Census Tract 229.03; San Francisco County; California","1058","159","465","103","67","44","199","91","121","60","67","67","11","18","0","14","593","158","92","54","400","136","60","39","41","63","0","14","0","14",
"1400000US06075023001","Census Tract 230.01; San Francisco County; California","1319","112","797","154","23","33","214","94","402","111","87","64","18","29","53","52","522","169","12","18","215","137","198","91","49","59","48","47","0","19",
"1400000US06075023003","Census Tract 230.03; San Francisco County; California","1206","127","996","142","171","127","333","98","245","73","154","72","51","54","42","34","210","102","24","35","77","58","80","74","22","29","7","13","0","14",
"1400000US06075023102","Census Tract 231.02; San Francisco County; California","1128","140","403","119","20","24","135","87","165","80","83","50","0","14","0","14","725","161","284","127","334","152","81","54","26","41","0","14","0","14",
"1400000US06075023103","Census Tract 231.03; San Francisco County; California","1518","163","45","33","0","14","0","14","45","33","0","14","0","14","0","14","1473","166","366","130","960","180","147","113","0","14","0","14","0","14",
"1400000US06075023200","Census Tract 232; San Francisco County; California","1153","213","772","212","12","21","234","92","266","138","231","152","7","16","22","44","381","134","37","45","249","141","19","26","76","58","0","14","0","14",
"1400000US06075023300","Census Tract 233; San Francisco County; California","1281","157","672","111","44","30","288","106","165","69","128","58","26","25","21","20","609","133","155","102","333","72","118","53","3","6","0","14","0","14",
"1400000US06075023400","Census Tract 234; San Francisco County; California","1169","202","649","141","57","59","223","123","139","85","167","71","48","54","15","24","520","194","211","103","232","170","66","71","0","14","11","18","0","14",
"1400000US06075025100","Census Tract 251; San Francisco County; California","1306","190","784","103","70","54","329","75","280","89","52","39","53","68","0","14","522","195","82","52","235","80","182","167","23","27","0","14","0","14",
"1400000US06075025200","Census Tract 252; San Francisco County; California","2463","407","1690","368","290","336","755","227","584","165","61","50","0","19","0","19","773","288","220","185","522","230","31","36","0","19","0","19","0","19",
"1400000US06075025300","Census Tract 253; San Francisco County; California","1692","163","873","133","52","32","445","115","222","74","81","51","18","27","55","89","819","170","228","112","450","127","119","93","22","21","0","14","0","14",
"1400000US06075025401","Census Tract 254.01; San Francisco County; California","1357","144","754","166","58","38","324","129","293","91","63","43","0","14","16","24","603","119","115","52","382","100","106","83","0","14","0","14","0","14",
"1400000US06075025402","Census Tract 254.02; San Francisco County; California","1087","157","739","147","18","20","376","98","219","85","126","127","0","14","0","14","348","115","58","38","129","92","105","60","46","30","10","17","0","14",
"1400000US06075025403","Census Tract 254.03; San Francisco County; California","1380","156","710","107","52","35","257","82","299","87","36","36","38","34","28","44","670","174","120","74","306","166","125","80","22","34","97","49","0","14",
"1400000US06075025501","Census Tract 255.01; San Francisco County; California","1031","186","833","209","5","8","294","113","344","106","149","133","0","14","41","58","198","100","0","14","64","43","134","83","0","14","0","14","0","14",
"1400000US06075025502","Census Tract 255.02; San Francisco County; California","1220","103","897","120","75","65","482","128","219","100","97","69","0","14","24","38","323","112","100","67","170","83","32","32","21","23","0","14","0","14",
"1400000US06075025600","Census Tract 256; San Francisco County; California","1656","181","1097","139","141","79","340","101","337","75","128","65","100","66","51","50","559","185","93","115","164","64","101","61","101","84","76","108","24","38",
"1400000US06075025701","Census Tract 257.01; San Francisco County; California","1559","261","967","186","44","28","222","100","413","121","185","106","80","65","23","24","592","250","56","49","454","244","22","24","7","12","7","11","46","66",
"1400000US06075025702","Census Tract 257.02; San Francisco County; California","1135","137","695","159","61","47","117","69","269","125","121","94","95","97","32","31","440","134","131","92","176","121","88","74","45","69","0","14","0","14",
"1400000US06075025800","Census Tract 258; San Francisco County; California","621","139","300","64","42","27","40","27","144","58","52","35","0","14","22","18","321","140","116","50","154","133","51","34","0","14","0","14","0","14",
"1400000US06075025900","Census Tract 259; San Francisco County; California","1444","162","1281","166","66","59","367","120","643","168","105","62","68","51","32","45","163","86","37","43","59","43","67","53","0","14","0","14","0","14",
"1400000US06075026001","Census Tract 260.01; San Francisco County; California","1785","221","944","211","85","89","359","100","233","137","234","105","33","33","0","19","841","204","118","84","313","139","182","129","206","114","0","19","22","32",
"1400000US06075026002","Census Tract 260.02; San Francisco County; California","1038","101","785","126","31","36","273","80","323","107","108","52","32","41","18","17","253","92","16","23","123","68","68","50","46","39","0","14","0","14",
"1400000US06075026003","Census Tract 260.03; San Francisco County; California","1393","171","966","202","86","55","299","152","354","107","123","79","51","50","53","63","427","137","67","57","97","75","245","116","7","13","11","24","0","14",
"1400000US06075026004","Census Tract 260.04; San Francisco County; California","1121","113","747","157","31","35","313","128","301","105","74","45","28","25","0","14","374","134","129","85","110","66","70","47","0","14","65","48","0","14",
"1400000US06075026100","Census Tract 261; San Francisco County; California","2007","265","1344","281","118","53","356","102","532","162","275","209","0","19","63","54","663","154","243","129","247","128","173","94","0","19","0","19","0","19",
"1400000US06075026201","Census Tract 262.01; San Francisco County; California","999","123","627","103","25","25","180","75","234","73","152","78","36","42","0","14","372","144","114","78","132","130","115","85","11","18","0","14","0","14",
"1400000US06075026202","Census Tract 262.02; San Francisco County; California","1043","153","680","143","51","33","169","87","278","107","118","79","57","45","7","10","363","83","120","45","131","61","72","52","0","14","40","49","0","14",
"1400000US06075026301","Census Tract 263.01; San Francisco County; California","1365","165","798","185","95","92","311","128","230","120","153","76","9","11","0","14","567","166","209","112","171","110","114","97","52","54","0","14","21","34",
"1400000US06075026302","Census Tract 263.02; San Francisco County; California","1552","248","1089","224","58","46","392","112","304","159","209","109","95","59","31","30","463","176","106","100","299","132","26","24","32","50","0","14","0","14",
"1400000US06075026303","Census Tract 263.03; San Francisco County; California","1342","259","1083","245","38","39","198","63","564","226","179","81","104","115","0","14","259","114","27","47","80","60","53","54","32","34","0","14","67","62",
"1400000US06075026401","Census Tract 264.01; San Francisco County; California","1035","134","739","143","198","114","180","81","151","69","97","63","100","67","13","20","296","102","73","60","64","49","123","72","36","35","0","14","0","14",
"1400000US06075026402","Census Tract 264.02; San Francisco County; California","1262","238","919","195","91","65","285","123","305","93","157","125","10","15","71","58","343","181","53","51","117","83","80","47","93","151","0","14","0","14",
"1400000US06075026403","Census Tract 264.03; San Francisco County; California","1109","191","774","183","90","52","236","96","167","107","258","156","22","39","1","17","335","132","74","58","164","108","45","55","52","59","0","14","0","14",
"1400000US06075026404","Census Tract 264.04; San Francisco County; California","694","68","384","80","60","51","109","51","123","56","84","48","0","14","8","12","310","72","35","31","109","58","82","41","58","43","26","35","0","14",
"1400000US06075030101","Census Tract 301.01; San Francisco County; California","2098","239","486","128","70","56","208","111","189","95","19","25","0","14","0","14","1612","258","527","167","910","229","163","104","12","20","0","14","0","14",
"1400000US06075030102","Census Tract 301.02; San Francisco County; California","2120","213","978","177","87","83","504","156","271","117","107","74","9","15","0","14","1142","221","173","104","919","222","40","41","0","14","10","17","0","14",
"1400000US06075030201","Census Tract 302.01; San Francisco County; California","1971","274","529","112","56","38","277","103","182","74","10","17","4","9","0","14","1442","262","555","237","671","143","123","65","43","49","49","37","1","2",
"1400000US06075030202","Census Tract 302.02; San Francisco County; California","2045","263","472","134","152","82","171","96","124","65","17","28","8","16","0","14","1573","293","475","207","948","226","133","85","17","23","0","14","0","14",
"1400000US06075030301","Census Tract 303.01; San Francisco County; California","2542","294","1444","221","15","23","669","192","559","199","78","50","79","89","44","41","1098","256","202","117","666","236","109","64","104","70","0","19","17","26",
"1400000US06075030302","Census Tract 303.02; San Francisco County; California","1318","147","882","116","8","13","312","77","404","112","127","73","21","21","10","15","436","158","9","14","287","148","60","54","25","25","44","40","11","16",
"1400000US06075030400","Census Tract 304; San Francisco County; California","2193","326","1851","346","143","156","582","188","972","302","131","61","11","17","12","18","342","136","7","11","204","98","95","87","36","31","0","19","0","19",
"1400000US06075030500","Census Tract 305; San Francisco County; California","1008","125","715","138","81","68","241","85","288","89","91","65","14","21","0","14","293","122","53","29","50","53","20","32","94","85","24","36","52","64",
"1400000US06075030600","Census Tract 306; San Francisco County; California","903","100","766","100","6","10","269","61","358","82","117","53","11","12","5","8","137","55","27","30","39","31","71","50","0","14","0","14","0","14",
"1400000US06075030700","Census Tract 307; San Francisco County; California","2685","238","2266","282","120","111","784","226","1076","259","192","92","94","75","0","19","419","162","0","19","98","68","262","131","59","87","0","19","0","19",
"1400000US06075030800","Census Tract 308; San Francisco County; California","1998","272","1445","201","127","94","348","123","551","154","311","145","46","51","62","99","553","199","143","102","170","92","215","169","25","27","0","19","0","19",
"1400000US06075030900","Census Tract 309; San Francisco County; California","2310","349","2220","368","99","146","601","182","992","333","252","113","237","162","39","50","90","78","0","19","20","46","0","19","58","64","12","20","0","19",
"1400000US06075031000","Census Tract 310; San Francisco County; California","1540","197","1168","211","34","29","382","112","471","89","104","44","166","175","11","17","372","119","98","94","170","83","56","42","48","56","0","14","0","14",
"1400000US06075031100","Census Tract 311; San Francisco County; California","2387","247","1528","232","130","77","551","158","600","154","166","106","81","126","0","19","859","147","74","62","452","146","168","108","109","93","56","70","0","19",
"1400000US06075031201","Census Tract 312.01; San Francisco County; California","1789","186","927","189","193","104","242","110","268","117","104","54","72","46","48","74","862","180","310","108","292","115","203","116","38","36","14","21","5","7",
"1400000US06075031202","Census Tract 312.02; San Francisco County; California","818","72","562","75","62","39","145","68","213","76","90","55","52","33","0","14","256","81","45","37","90","58","90","46","5","9","20","31","6","14",
"1400000US06075031301","Census Tract 313.01; San Francisco County; California","1560","423","1149","428","73","58","651","416","241","70","148","82","9","15","27","27","411","107","44","46","173","72","52","51","99","67","11","20","32","28",
"1400000US06075031302","Census Tract 313.02; San Francisco County; California","1733","229","1089","164","67","59","495","127","382","107","145","79","0","14","0","14","644","232","51","42","361","158","232","179","0","14","0","14","0","14",
"1400000US06075031401","Census Tract 314.01; San Francisco County; California","658","76","391","121","87","91","102","51","103","51","77","46","12","18","10","15","267","81","4","8","140","61","77","53","1","13","0","14","45","51",
"1400000US06075031402","Census Tract 314.02; San Francisco County; California","1204","162","1053","178","127","122","261","111","366","113","277","73","8","14","14","25","151","70","53","47","40","44","45","60","0","14","13","20","0","14",
"1400000US06075032601","Census Tract 326.01; San Francisco County; California","1782","170","767","137","52","50","248","82","342","104","50","34","35","58","40","34","1015","174","284","143","549","101","131","60","51","47","0","14","0","14",
"1400000US06075032602","Census Tract 326.02; San Francisco County; California","1435","133","688","138","10","16","261","80","251","107","59","50","62","66","45","34","747","114","177","74","279","103","236","76","26","20","29","35","0","14",
"1400000US06075032700","Census Tract 327; San Francisco County; California","2414","360","1572","299","52","51","301","121","937","298","224","90","58","52","0","19","842","271","124","109","348","164","329","227","41","45","0","19","0","19",
"1400000US06075032801","Census Tract 328.01; San Francisco County; California","1313","146","849","132","49","49","286","87","356","139","115","59","43","32","0","14","464","144","21","26","323","134","120","52","0","14","0","14","0","14",
"1400000US06075032802","Census Tract 328.02; San Francisco County; California","1528","164","1031","173","36","32","471","123","315","112","61","46","136","136","12","19","497","158","151","84","287","117","46","35","0","14","13","18","0","14",
"1400000US06075032901","Census Tract 329.01; San Francisco County; California","1642","151","1212","180","127","79","401","132","387","122","225","90","66","38","6","10","430","138","81","74","197","82","95","84","39","33","18","25","0","19",
"1400000US06075032902","Census Tract 329.02; San Francisco County; California","1330","171","1070","198","53","32","424","102","425","155","112","113","56","42","0","14","260","117","29","29","57","38","143","105","19","22","12","15","0","14",
"1400000US06075033001","Census Tract 330.01; San Francisco County; California","1373","345","1176","352","92","47","268","131","580","353","185","102","25","32","26","36","197","95","9","16","51","56","102","75","35","53","0","14","0","14",
"1400000US06075033002","Census Tract 330.02; San Francisco County; California","1533","180","852","183","30","34","389","138","244","122","161","78","16","25","12","26","681","200","136","91","294","148","161","85","90","91","0","14","0","14",
"1400000US06075033100","Census Tract 331; San Francisco County; California","1413","107","1256","128","114","66","427","104","535","132","124","62","27","25","29","27","157","70","0","14","58","43","88","51","0","14","11","20","0","14",
"1400000US06075033201","Census Tract 332.01; San Francisco County; California","595","129","6","9","0","14","0","14","6","9","0","14","0","14","0","14","589","130","201","66","232","82","138","108","8","12","10","15","0","14",
"1400000US06075033203","Census Tract 332.03; San Francisco County; California","1589","268","136","63","14","23","37","35","69","42","16","26","0","14","0","14","1453","267","223","81","690","218","458","187","82","77","0","14","0","14",
"1400000US06075033204","Census Tract 332.04; San Francisco County; California","1634","269","0","14","0","14","0","14","0","14","0","14","0","14","0","14","1634","269","495","175","744","227","317","130","73","63","0","14","5","9",
"1400000US06075035101","Census Tract 351.01; San Francisco County; California","1460","264","657","162","47","47","271","102","267","115","56","51","16","24","0","14","803","258","181","111","316","110","251","224","55","65","0","14","0","14",
"1400000US06075035102","Census Tract 351.02; San Francisco County; California","1271","138","983","143","89","61","294","92","366","157","145","98","73","52","16","25","288","89","31","37","83","52","120","66","44","42","10","17","0","14",
"1400000US06075035201","Census Tract 352.01; San Francisco County; California","1867","132","1377","194","111","79","564","138","449","144","152","80","80","53","21","25","490","127","110","57","149","79","170","83","33","41","28","43","0","19",
"1400000US06075035202","Census Tract 352.02; San Francisco County; California","1709","189","610","129","28","29","301","129","173","71","31","29","77","59","0","14","1099","165","93","53","649","156","300","116","35","44","22","32","0","14",
"1400000US06075035300","Census Tract 353; San Francisco County; California","2551","304","1898","297","156","117","646","256","829","217","139","107","107","94","21","33","653","219","82","79","213","135","303","190","55","57","0","19","0","19",
"1400000US06075035400","Census Tract 354; San Francisco County; California","2444","294","1945","311","331","263","763","160","603","147","220","120","28","35","0","19","499","161","135","106","173","89","84","61","64","76","0","19","43","68",
"1400000US06075040100","Census Tract 401; San Francisco County; California","1677","174","722","153","42","41","368","127","212","75","100","88","0","14","0","14","955","184","223","106","598","151","125","63","0","14","0","14","9","16",
"1400000US06075040200","Census Tract 402; San Francisco County; California","2326","337","829","293","134","93","501","261","194","113","0","14","0","14","0","14","1497","274","672","232","558","184","221","130","46","70","0","14","0","14",
"1400000US06075042601","Census Tract 426.01; San Francisco County; California","1706","174","438","125","48","37","222","91","127","74","34","31","7","17","0","14","1268","141","361","115","629","149","265","106","13","20","0","14","0","14",
"1400000US06075042602","Census Tract 426.02; San Francisco County; California","1346","123","601","110","80","69","321","106","122","60","32","32","46","44","0","14","745","110","183","85","409","113","132","62","12","19","9","15","0","14",
"1400000US06075042700","Census Tract 427; San Francisco County; California","2594","322","685","190","176","112","204","107","305","132","0","19","0","19","0","19","1909","318","384","144","1166","270","344","166","15","25","0","19","0","19",
"1400000US06075042800","Census Tract 428; San Francisco County; California","922","121","693","81","19","18","216","65","259","75","158","41","14","16","27","31","229","92","31","33","146","79","41","19","5","7","6","9","0","14",
"1400000US06075045100","Census Tract 451; San Francisco County; California","1919","281","514","135","52","45","297","108","144","70","21","26","0","14","0","14","1405","280","257","111","793","288","333","120","0","14","0","14","22","38",
"1400000US06075045201","Census Tract 452.01; San Francisco County; California","1324","100","678","130","166","113","319","115","179","78","14","22","0","14","0","14","646","122","133","81","253","101","176","71","84","81","0","14","0","14",
"1400000US06075045202","Census Tract 452.02; San Francisco County; California","1465","294","394","106","76","62","195","94","123","52","0","14","0","14","0","14","1071","302","275","161","559","262","206","95","31","36","0","14","0","14",
"1400000US06075047600","Census Tract 476; San Francisco County; California","2220","265","1002","213","36","42","569","165","307","168","60","83","30","45","0","19","1218","270","353","131","658","236","173","89","0","19","34","53","0","19",
"1400000US06075047701","Census Tract 477.01; San Francisco County; California","2008","191","840","193","142","77","259","90","345","170","55","39","21","23","18","26","1168","145","453","155","578","132","114","63","11","17","12","19","0","14",
"1400000US06075047702","Census Tract 477.02; San Francisco County; California","1592","203","617","134","84","62","197","66","261","105","43","45","15","23","17","23","975","174","291","145","485","150","191","98","8","12","0","14","0","14",
"1400000US06075047801","Census Tract 478.01; San Francisco County; California","1703","144","920","151","112","72","417","149","236","73","76","53","50","55","29","27","783","133","120","73","400","111","240","113","23","27","0","14","0","14",
"1400000US06075047802","Census Tract 478.02; San Francisco County; California","1465","174","633","132","45","34","296","113","215","74","66","51","11","18","0","14","832","157","129","66","446","144","136","67","121","118","0","14","0","14",
"1400000US06075047902","Census Tract 479.02; San Francisco County; California","1517","176","790","131","36","27","370","94","358","94","16","21","10","12","0","14","727","171","207","93","330","146","139","71","37","35","14","21","0","14",
"1400000US06075047903","Census Tract 479.03; San Francisco County; California","1378","197","785","135","77","80","356","108","202","74","38","37","112","54","0","14","593","194","73","71","467","193","53","42","0","14","0","14","0","14",
"1400000US06075047904","Census Tract 479.04; San Francisco County; California","1469","375","631","369","233","339","203","90","160","87","27","29","8","15","0","14","838","191","230","128","321","152","236","104","24","32","0","14","27","30",
"1400000US06075060100","Census Tract 601; San Francisco County; California","1338","158","0","14","0","14","0","14","0","14","0","14","0","14","0","14","1338","158","70","57","632","182","444","110","158","82","34","31","0","14",
"1400000US06075060400","Census Tract 604; San Francisco County; California","1026","129","284","81","20","26","182","75","82","48","0","14","0","14","0","14","742","136","97","76","464","122","172","70","9","15","0","14","0","14",
"1400000US06075060502","Census Tract 605.02; San Francisco County; California","925","95","259","67","7","10","106","45","66","36","35","39","5","9","40","37","666","108","208","68","259","78","134","76","10","15","45","43","10","17",
"1400000US06075060701","Census Tract 607.01; San Francisco County; California","3343","372","1143","404","137","136","933","373","73","107","0","19","0","19","0","19","2200","365","692","246","1350","318","51","59","107","100","0","19","0","19",
"1400000US06075060702","Census Tract 607.02; San Francisco County; California","1349","119","313","164","89","115","181","140","43","53","0","14","0","14","0","14","1036","151","380","188","513","190","143","116","0","14","0","14","0","14",
"1400000US06075060703","Census Tract 607.03; San Francisco County; California","2784","350","1217","295","187","168","969","302","61","72","0","19","0","19","0","19","1567","376","736","170","831","364","0","19","0","19","0","19","0","19",
"1400000US06075061000","Census Tract 610; San Francisco County; California","1625","224","1171","252","39","33","441","197","533","195","80","66","63","55","15","24","454","131","61","51","260","99","116","100","10","16","0","14","7","14",
"1400000US06075061101","Census Tract 611.01; San Francisco County; California","935","168","70","51","7","11","63","50","0","14","0","14","0","14","0","14","865","169","678","160","173","74","14","22","0","14","0","14","0","14",
"1400000US06075061102","Census Tract 611.02; San Francisco County; California","917","111","116","77","46","40","29","44","41","65","0","14","0","14","0","14","801","145","646","113","130","81","13","18","12","20","0","14","0","14",
"1400000US06075061200","Census Tract 612; San Francisco County; California","1153","133","526","144","0","14","205","96","145","86","124","81","52","55","0","14","627","164","175","101","279","114","65","51","108","93","0","14","0","14",
"1400000US06075061401","Census Tract 614.01; San Francisco County; California","1459","188","858","202","137","79","439","129","228","157","41","39","13","19","0","14","601","179","203","121","257","133","114","89","8","12","19","30","0","14",
"1400000US06075061402","Census Tract 614.02; San Francisco County; California","1189","241","500","168","29","33","337","157","105","73","29","36","0","14","0","14","689","235","60","46","485","225","59","35","85","76","0","14","0","14",
"1400000US06075061501","Census Tract 615.01; San Francisco County; California","1195","470","808","456","112","99","573","458","59","88","64","107","0","14","0","14","387","154","159","102","203","144","0","14","25","42","0","14","0","14",
"1400000US06075061502","Census Tract 615.02; San Francisco County; California","1409","453","259","133","19","31","142","101","77","87","21","33","0","14","0","14","1150","416","590","346","545","262","15","17","0","14","0","14","0","14",
"1400000US06075061503","Census Tract 615.03; San Francisco County; California","1998","311","442","244","249","229","193","106","0","14","0","14","0","14","0","14","1556","311","763","314","592","238","0","14","105","139","55","82","41","30",
"1400000US06075061504","Census Tract 615.04; San Francisco County; California","1179","214","372","142","26","31","279","134","67","49","0","14","0","14","0","14","807","216","361","140","419","189","27","20","0","14","0","14","0","14",
"1400000US06075061505","Census Tract 615.05; San Francisco County; California","529","42","358","79","19","23","254","103","58","71","0","14","27","32","0","14","171","61","26","28","111","56","19","22","15","22","0","14","0","14",
"1400000US06075061506","Census Tract 615.06; San Francisco County; California","2762","453","1054","409","81","116","906","396","67","38","0","14","0","14","0","14","1708","418","471","312","988","330","233","207","0","14","0","14","16","26",
"1400000US06075061507","Census Tract 615.07; San Francisco County; California","771","114","207","78","68","55","129","81","0","14","10","19","0","14","0","14","564","127","370","128","184","126","10","18","0","14","0","14","0","14",
"1400000US06075061508","Census Tract 615.08; San Francisco County; California","1117","176","418","205","61","84","299","191","55","41","3","10","0","14","0","14","699","145","471","146","187","117","41","61","0","14","0","14","0","14",
"1400000US06075980200","Census Tract 9802; San Francisco County; California","0","14","0","14","0","14","0","14","0","14","0","14","0","14","0","14","0","14","0","14","0","14","0","14","0","14","0","14","0","14",
"1400000US06075980300","Census Tract 9803; San Francisco County; California","40","24","0","14","0","14","0","14","0","14","0","14","0","14","0","14","40","24","24","23","12","9","4","6","0","14","0","14","0","14",
"1400000US06075980401","Census Tract 9804.01; San Francisco County; California","0","14","0","14","0","14","0","14","0","14","0","14","0","14","0","14","0","14","0","14","0","14","0","14","0","14","0","14","0","14",
"1400000US06075980501","Census Tract 9805.01; San Francisco County; California","123","49","0","14","0","14","0","14","0","14","0","14","0","14","0","14","123","49","115","50","4","7","0","14","4","8","0","14","0","14",
"1400000US06075980600","Census Tract 9806; San Francisco County; California","573","61","351","66","12","13","200","58","107","40","26","23","6","9","0","14","222","49","23","23","125","46","74","37","0","14","0","14","0","14",
"1400000US06075980900","Census Tract 9809; San Francisco County; California","180","65","24","27","0","14","6","9","18","30","0","14","0","14","0","14","156","64","3","7","143","63","10","11","0","14","0","14","0","14",
"1400000US06075990100","Census Tract 9901; San Francisco County; California","0","14","0","14","0","14","0","14","0","14","0","14","0","14","0","14","0","14","0","14","0","14","0","14","0","14","0","14","0","14",
"1400000US06075990200","Census Tract 9902; San Francisco County; California","0","14","0","14","0","14","0","14","0","14","0","14","0","14","0","14","0","14","0","14","0","14","0","14","0","14","0","14","0","14",
